1;;Poca broma, fa 10 minuts era fins es llit i ara a sa peluqueria.
1;;@IsabelFraca @didaclopez Mai no havia vist que el llenguatge gestual fos tan revelador com en aquest cas. Un cas com un cabÃ s, el d'aquest!
1;;@nensdelvendrell moltes felicitats per aquest 5d8 tan maco i parat q quan l'he vist m'han passat bogeries pel cap #pasapasperosenseaturador
1;;Np tots em merescut el mateix esforÃ§ de la teua part.  ğŸ˜‰
0;;El PSC segueix amb la reforma federalista que ni tan sols vol el PSOE!! Prou d'enganyar a la gent, Batet! Prou de mentir!!! #DebatTV3
1;;"#JPRE16 Tot un dissabte per davant amb propostes robotiques educatives"
1;;@ColleFeminas  @SusannaMoll @tolo_verd grÃ cies per la vostra lluita i exemple apostant per l'esport femenÃ­. L'any que ve tornareu a primera!
1;;VÃDEO La Nit de lâ€™Expositor lliura els premis dâ€™innovaciÃ³ de maquinÃ ria i als millors stands https://t.co/Hzyrxo39Bz https://t.co/fGvoFMWB2D
1;;@lavidacatradio @PereFont_Iesp @OriolParreno @SilviaCoppulo \nSecciÃ³ excelÂ·lent. He aprÃ¨s un munt. Quantes errades he fet!!! :-(
1;;@sola_jaume Vaig publicar-ho al moment en quÃ¨ jo hi era ;) tÃ© bona pinta, eh?
1;;Els cules seguirem gaudint del futbol. GrÃ cies Johan Cruyff @JohanCruyff https://t.co/zUlkKxQTGw
1;;Durant el campus de tecnificaciÃ³ tambÃ© fem activitats al Camp  municipal d'esports de #tordera !\n#lestiuÃ©sxulo https://t.co/HKaMCyUXpz
1;;Jaume bon dia, aixÃ² quÃ¨ hi dius Ã©s fantastic! Lluitar per al nostre Pais, jo tambÃ© perÃ², ho faix colaborant-hi amb el meu partit
0;;El @ConsellMenorca ratifica la seva colÂ·laboraciÃ³ amb els Premis Illa de Menorca de @esdiarimenorca #cultura https://t.co/MsiIRkTbbC
1;;@xmigre Precisament aÃ§Ã² Ã©s el que ells volen
1;;"""Iniciativa PorteÃ±a"" Ã©s una formaciÃ³ polÃ­tica favorable a la segregaciÃ³ del Port del nucli histÃ²ric de Sagunt"
1;;"Quasi va ser ministro de lo plurinacional, quasi president del congrÃ©s. De qui parlo? De xavier ""gairebÃ©"" domÃ¨nech"
1;;"Segur i  26, 3, 29 @emparmoliner Ã©s com el Blater amb les boles tothom sap que hi ha ""disf democ"" Ã©s a dir mala fe https://t.co/mY2yYtX7d1"
1;;Acaba el 3r quart amb tot per resoldre @Quadis_es - @wpterrassa 5-5
1;;@NacioLleida @espaimacia que salvatges!
1;;El Girona domina. A veure quÃ¨ passa...
1;;@RaquelMawu @EnParlemTDB @soniaferrer @Annaplazapoblet @CansinoToni moltes felicitats!!
1;;Concert @vozesmusica en 15 minuts a Casa de L'Aigua (Trinitat Nova). T'ho perdrÃ s?
1;;Divendres Sant a TGN. Tot a punt per la ProcessÃ³. Vesta, sabates negres i sentiments a flor de pell.#SetmanaSantaTGN https://t.co/RCvk7dNkPA
1;;@Monica_Usart MÃ²nica com veus diumenge al matÃ­ plourÃ  cap a les 12h? merci crack!!
1;;"Quina sorpresa la petita gran joia de ""Punto de RocÃ­o"" del @daniel_angles! \n\n#Bravo #fan #MÃºsica"
1;;@LlunaCatalana @aquipuedo @AdaColau Un cop has posat el cul a la poltrona, la feina Ã©s treure'l...encara q sigui a qualsevol preu!
1;;Quan vas per la uni i de sobte se t'apareix el teu crush mÃ©s guapo que mai. https://t.co/H5aQbcSA06
1;;"#benvingutsapages !!!! #osonaturisme #osona #montseny @ La Morera, Turisme Rural https://t.co/n11FfPX7zE"
0;;El Mallorca jugarÃ¡ un amistoso el 6 de agosto ante el West Bromwich Albion, de la Premier League.
1;;Em sembla que el punt a/ de la sol.luciÃ³ proposada en aquest pla per fer un referÃ¨ndum ja tÃ© nom, i es diu #DUI https://t.co/bBwxZp89M9
1;;Fa uns dies se'ns va colar un cÃ mara a la pastisseria! AquÃ­ el resultat! GrÃ cies #Piqture i @ViuJussa @AtgPallars https://t.co/qkcUsgnt3i â€¦
1;;ğŸ ğŸ ğŸ ğŸ ğŸ  @ Platja de Castelldefels https://t.co/SnSSnsYdBV
1;;@SandraCosa depÃ¨n, tia, Ã©s molt pringadet, eh
1;;@jordisanuy Ehem........... (En veritat una part si pero tenia 7 anys)
1;;@Aramrp Tinc 55 anys, jo tambÃ© recollia trastos, fÃ¨iem fogueres al mig del carrer i no tenÃ­em que demanar permÃ­s com ara i no passava res.
1;;@tonalara_ se descobrir me fala, tb to precisando
1;;".@enoticiescat Una reflexiÃ³ sobre la premsa i el procÃ©s: ""Periodistes rumb a Ãtaca""     https://t.co/eCc9wdEgj2"
1;;"@jesrunner aixÃ² mateix dic jo ğŸ˜œ, com es nota que son unes ""frikis"" de l'esport ...ğŸ˜˜"
1;;@hobvic @Fortelena @JordiPascualP El Futbol Cruyff Barcrlona!!  PerÃ² en  10 anys, la banda de Sandro ens el tornaria a segrestar!!
1;;@VilaWeb @AnnaGaSabate Vejam: en quÃ¨ quedem. Aquest matÃ­ tota la confianÃ§a bla, bla i ara les condicions.    Jo vull RUI i DUI.Al matÃ­ tambÃ©
1;;@mgabriela_serra @QuimMonzo NomÃ©s la samarreta.  I el propietari quÃ¨?
1;;L'exposiciÃ³ itinerant 'Espai BarÃ§a' s'ha pogut veure aquest dissabte a #laSeu.  @FCBarcelona_cat https://t.co/YrvVlED2xy
1;;Casal d'Estiu 2016 i Curs d'InformÃ tica a #Corbins! https://t.co/fQ9Y69hJ0S
1;;.@CiutadansBCN pretÃ©n coartar la llibertat d'expressiÃ³. Els molesta que la societat pugui expressar lliurement allÃ² que sent #pleSSTG (1/2)
1;;2h. de run seguint els plans de @jordicheca . Una estoneta amb la millor companyia. Sense el teuâ€¦ https://t.co/EQeNIcs223
1;;Els elements del seguici festiu de Reus tambÃ© escolten aquelles histÃ²ries a cauâ€¦ https://t.co/lIiaNC8mK5
1;;Betlem, et sento riure des de casa!
1;;AMUNT!!ğŸ’œ @Berta28233 @CCFigueres #El7d7Ã‰sLila
1;;Us imagineu a Manuel Valls, que tambÃ© es nascut a Barcelona, candidat del PSC a quelcom???
1;;@Laura_Herreras prestar-te a aquesta pallassada per atacar la teua propia llengua, tÃ© molta tela, francament.
1;;"""Barcelona Ã©s tant potent que informativament parlant fa que els mÃºnicipis mÃ©s grans vagin a la seva"" @Valero_jc #baixllobregatadebat"
1;;MÃ©s vaga perfis ğŸ˜­ğŸ™
0;;ComenÃ§a la presentaciÃ³ del nou llibre de @xescoespar de #NoLimits @PlataformaEdit @CdL_Barcelona #playclever https://t.co/OdRzJCfgGH
1;;@lizcastro QuÃ¨ Ã©s aixÃ²!?!?!? :-D
1;;Logos col.laboradors Aperitiu-sopar de cloenda Premis Cactus 2016. \n@grupoliveras collverdfoieâ€¦ https://t.co/UHhgX6dpqH
1;;Enhorabona @bielcompanyvive .Molt content per tu i tambe x @brandontl9 i els seus gols Heu d ser claus per la prÃ³xima temporada
1;;Pensar que no acab fins dimecresğŸ˜­ğŸ˜­ğŸ˜­
1;;Curs de manipulador/a d'aliments a @CreuRojaCAT #formaciÃ³ #joves https://t.co/0VR8QPJUM4
1;;@cherry_pipe @Petrechamps estÃ s a la GÃ bia de Vilassar de Dalt?
1;;@Sabria jo crec que ja anavem bÃ©,el meu tuit era normalet,jo pico als pericos i contesto als que ho feu amb grÃ cia,els que insulten..no
1;;Que farÃ  una gran nevada?\nQue plourÃ  i no farÃ  sol?\nEls manresans amb lâ€™Aixada\nde bona hora alcem el vol https://t.co/OnniNvqpNK
1;;Ares torna al PregÃ³ desprÃ©s de 50 anys sense estar present. L'alcalde del municipi, Abelardo Tena, manifestava la seua satisfacciÃ³
1;;Lâ€™Aldea ja disposa dâ€™una cadira hidrÃ ulica a la piscina, subvencionada 80% DiputaciÃ³ i un 20 %  per Ajuntament. https://t.co/Ee5hbhXZ4c
1;;PerquÃ¨ no tornen a assaltar el Casal Jaume I de Sueca, com feren en 2007. #IllegalitzacioGAV https://t.co/Nv6bxTCUoY
1;;@julidejdarmuoz @salvadorcardus SÃ³n coses del @elperiodico i d'en @Enric_Hernandez, ja se sap... sÃ³n rigorosos i honests.
1;;te creus massa per ser tant poquet
1;;@EnricDeLleida No exactament. Si ara la gent en poc temps piulÃ©s #PAU16 tornaria a sortir encara que haguÃ©s estat TT la setmana passada
1;;Aquest es un dels punts clau...a revisar o morir. #Brexit #EUreferendum  https://t.co/CqinGQZdNX
1;;@Lindepe @Wertyalord1 @KRLS @VilaWeb si perÃ² ara hi ha molt diputats que no sÃ³n politics. Crec que ho faran bÃ©. Esperem 1 any mÃ©s!
1;;@Casfetera Absolutament d'acord. Amb les xarxes socials s'esfuma fÃ cilment el rigor i es pot fer cÃ³rrer interessadament una versiÃ³ biaixada
1;;Aquesta Ã©s la canÃ§Ã³ d'en Sisa, per cert! @catorzecat https://t.co/gYyn9nB85G
1;;QuÃ¨ mÃ©s feliÃ§ que abandonar les dÃ¨ries,\nquan la ment deixa llast... #Catul
1;;Catalunya Ã©s dels pocs paÃ¯sos del mÃ³n que garanteix atenciÃ³ sanitÃ ria a immigrants acabats d'arribar, fins i tot sense papers @toni_comin
1;;Este matÃ­ ens ha visitat l'ambaixador d'ItÃ lia. Hem pogut parlar d'idees i projectes interessants #AgendaVLC https://t.co/OXdSOl59wt
1;;No es pot marxar de Girona sense passar pel @jordirocasan ğŸ¦ğŸ¨ @ Girona, Catalunya https://t.co/51tA2ifUDK
1;;@aramiquel molt bÃ©. Doncs aixÃ³...Endavant company
1;;'Podem volar per sobre el cel junts de la mÃ ' #preciosabarcelona @ Bunkers - El Carmel https://t.co/YJumemNEJQ
1;;@CUPGracia @AnnaGaSabate @jgarganteclosa O per intentar manipular. Les imatges son molt clares.
1;;13/05, BCN dona la benvinguda institucional a l'Economia del BÃ© ComÃº amb: Rector @UniBarcelona  @G_Pisarello  @josep_vidal  @felber_c i...
1;;@memesbarcelona a saco con el BARÃ‡A!!!Mai hem de deixar de creure
1;;@Handrius_ jopeta...saps q estÃ s posant la meva BSO preferida??? Que guaitxi!!! ğŸ‘ğŸ»ğŸ‘ğŸ»ğŸ‘ğŸ»ğŸ‘ğŸ»ğŸ‘ŒğŸ»
1;;Hui m'han dit que es nota que sÃ³c valencianoparlant perquÃ¨ he utilitzat en castellÃ  la paraula entrar en lloc de meter :(
1;;@ernestnegro vull dir.. No sÃ© on veieu la polÃ¨mica de la cosa..
1;;Molt fan de Vinyes DomÃ¨nech.. @domontsant . Aquesta vegada el Boig per Tu, que vam triar perâ€¦ https://t.co/xAh5QXquoI
0;;@AlvaroMorata animo Hispano.\nHala Madrid.\nForÃ§a Juve
1;;@itsxclara @AnaPiquer01 que cares mes lletges ğŸ˜³ğŸ˜³ğŸ˜³ğŸ˜³\nVos vuic â¤ï¸â¤ï¸â¤ï¸
1;;@Rastapalo he pensat, perÃ² que diu ara? XD i desprÃ©s he caigut. Reconec que sÃ³c curt, porto uns dies... Que tela.
1;;Amb ganes de BarÃ§a! Ja preparat per veure el @FCBarcelona_cat - @SevillaFC ! Som-hi BarÃ§a! âš½ ğŸ”´ğŸ”µğŸ”´ğŸ”µğŸ’ª
0;;"#1data1segell #taldiacomavui de 1282 va eclatar la revolta coneguda com les Vespres Sicilianes contra els Anjou https://t.co/jDXoAATrvr"
1;;FINS LES 20:30h, INFORMACIÃ“ I TERTÃšLIA #sinco #FCB amb @iurisport, @qmolins, Lluis SabatÃ©s i Zoltan Czibor
1;;Enhorabona #BarcaAtleti 2-1 @FCBarcelona, Suarez l'UruguaiÃ !!
1;;Els llibres alliberats avui estan ben calentets i resguardats de la pluja... #bookcrossing #parcbit #adoptaunlibro https://t.co/tR4AWvS8TZ
0;;@anna_caselles jajaja Ã©s molt depressiu pero... jajaja
1;;@JRamon_Ferrando @ManeldHorta lo del BaÃ±os no tÃ© a veure amb aixecar res. Ã‰s x escriure una trilogia des del minut 1. Deslleial superlatiu.
1;;FeliÃ§ dia de Sant Jordi! ğŸŒ¹ğŸ“š#bcn #casabatllo #santjordi #santjordi2016 @ Casa BatllÃ³ https://t.co/QDh4puTdqV
1;;Avui #palanganada per exigir que es garanteixi el cabal ecolÃ²gic del Ter #salvemelTer @aiguaesvida https://t.co/PhG64TL4dE
1;;@IvanLQF @OscarMdeR @mariarosa2016 Home, algun cop gairebÃ© hem coincidit :D
1;;Ahir va ser el dia mundia de l'ELA i des d'@esquerratortosa vam donar tot el nostre suport #fesungestperlela https://t.co/1uOlQUF1z8
1;;@Obeses @salva_nv SORT que no m'he quedat, doncs!
0;;Us ensenyem com queden acabats de fer a la cassola uns sipionets amb pÃ¨sols. Mireu, mireu! https://t.co/eKDqPXSOsm
1;;A currar tota la setmana fent una substituciÃ³.. Amb lo bÃ© que s estÃ  a la bartola.. \nAndando.
1;;El festival es durÃ  a terme del 24 al 26 de juny, tot i la reducciÃ³ d'un dia respecte l'any passat. @MaikaMakovski tancarÃ  els concerts.
1;;@manelpinyero gran Periscope el q acabeu de fer! Quan vulgueu esteu convidats a Vallvidrera!!!ğŸ˜‹
1;;"#Bartrisme ğŸ” @MarcBartra #frac1 #FCBarcelona"
0;;@elvailet Aquesta Ã©s la qÃ¼estiÃ³? Vale neng! Pren-te quelcom, va. Et convido. Jo aquÃ­ votaria sortir perÃ² mai amb pretext xenÃ²fob. Bona nit.
1;;QuÃ¨ ensenyen a l'exÃ¨rcit?\n-submissiÃ³\n-coacciÃ³\n-repressiÃ³...\nÃ‰s indigne que siguin presents al salÃ³ de l'ensenyament.
1;;Com es nota la primavera!! amb les Ãºltimes plujes vistes des de la Tossa de Montbui cap a Igualada #Pnanoia https://t.co/Myup92qwiM
1;;@arto_arquitecto per mÃ©s detalls vaig nÃ©ixer i visc a Camarles. Lo de l'anonimat Ã©s per a les rates covardes amb fins roÃ¯ns @BonIndepe
1;;Per partits com el d'ahir em sento privilegiat dient q vaig disfrutar com ningÃº del millor pavellÃ³ del mÃ³n. Me l'estimo com a ningÃº. MÃ gic!
1;;@HiginiaRoig Pel mateix q sent tan alta l taxa d'atur del jovent, l majoria callen i assumeixen. Aquesta Ã©s l'ensenyanÃ§a d lfalsa democrÃ cia
1;;@blaicasanova grÃ cies &lt;3
1;;@recatacrec @miraculosa velcro o cremallera si cal. les llaÃ§ades de les sabates se'm desfan
1;;@leotaxil Quina reuniÃ³  mÃ©s fenomenal ......
1;;A les 22h al Mundial de @labisbalemporda ProjecciÃ³ del documental â€œErnest Costa, el notari del paisatgeâ€ i tertÃºlia https://t.co/nKMTA1aCdA
1;;@CusCusBcn no ben bÃ©: guaita si no les cohabitacions del 1986, el 1993 i el 1997. @lluiv @IvanLQF
1;;Tu i la teva forma de fer-me somriure... ğŸ’™ @ Santa Susanna - Costa Brava, Barcelona https://t.co/bdLl1Z8kBa
0;;@AlertaCatalana @pitudedeu no aixo no home aqui no estic gota d'acort  l'ANC es la nostre plataforma
1;;...ja ens veurem el dia 14 a Tarragona @gcarabi salutacions @ro_almonacid
1;;@VGastronomicos grÃ cies pel RT!ğŸŸ
1;;QuÃ¨ sabrÃ s tu de coses belles, si no t'has vist amb els meus ulls...
1;;Cinc drons de fabricaciÃ³ catalana entre els millors del mÃ³n\n\nhttps://t.co/th4pln3MsE https://t.co/nYhQnUXiIe
1;;"""San JosÃ©""  Molts d'anys,salut i forÃ§a:PEP,JOSEP,PEPE,JOSEFA,PEPA,etc.ğŸ˜˜ğŸ·"
1;;"#CASBPA @JordiCinca diu en roda de premsa: â€œFins ara el Govern s'ha defensat, ara ha arribat l'hora d'exigir responsabilitatsâ€."
1;;Tota la raÃ³ paula ğŸ˜ a mÃ©s a mÃ©s, envoltat d'amics.  #Davidxoxon https://t.co/pmCdEoPv2l
1;;@fanssamuelto @Guille4RCDM en tenim ? Perque hi ha els mateixos que hi havia...
1;;Entendre la voix de Theodore â¤
1;;@xavier_torrens @MercedesObadia fins els collons! la gent no fa la guerra x res!!sempre hi ha gent morint i matant x alguna cosa no sols laR
1;;@trinamilan tot i que l'article el vaig llegir fa anys en digital i mira me enrecordat ğŸ˜œ
1;;Pantalla extralluminosa. Mateix lloc, uns segons de diferÃ¨ncia (i he rebaixat la brillantor!).â€¦ https://t.co/48UQSLkdoL
1;;Euro, equips grans a base de noms i ğŸŒŸğŸŒŸ.q vigilin q poden caure.hi ha molts leicesters difrassats de seleccions humils amb feina d' anys
1;;Pont neogÃ²tic al Carrer del Bisbe. #Barcelona #casadelscanonges #palaudelageneralitat @ Palau deâ€¦ https://t.co/vlepyfKqbU
1;;Recordeu, dissabte i diumenge: AlkÃ­mya. Viu el pas del temps: La prehistÃ²ria.@CFSFDC #sfc182 https://t.co/MpQFo6VBCJ https://t.co/Zam9LvkYS9
1;;Isaki Lacuesta sobre exposiciÃ³ Es Baluard: Lâ€™art tÃ© la virtut de poder portar coses a lâ€™extrem #CarteBlancheIsaki @diariARA @cristinaros11
1;;La ComissiÃ³ Europea torna a alertar el govern espanyol que haurÃ  de garantir els cabals ecolÃ²gics de l'Ebre https://t.co/RInkbh1RCq
1;;MÃ©s enllÃ  de compartir o no tot el q es diu, sempre estÃ  bÃ© tenir una versiÃ³ alternativa, grÃ cies @JTransBcn .  https://t.co/6X319kcVYw
1;;Primera rentadora estesa i 2a rentadora posada. LlenÃ§ols plegats i planxats i tovalloles plegades. A pels deures d'anglÃ¨s. Finde where r u?ğŸ˜¢
1;;@olabodia @XavierDomenechs @AdaColau \nSÃ³n una colla de botiflers. Estan ventus a Espanya.
1;;@Mariinamarti @sandragomezivar esooooo, el 22 no fallem, farta acabaras de nosaltresğŸ‰ğŸ‰ğŸ‰
1;;DemÃ  a preparar temes JGL i tarda a quadrar bancs\nLa gent es pensa que la desapariciÃ³ dels diners facilita les coses https://t.co/d1N0SEsClA
1;;@ramonmirabet Enhorabona per aquestes petites Grans coses!ğŸŒ¸ğŸ‘ğŸ¼
1;;La batlessa de #MaÃ³ @ConxaJuanola demana al @iBalears una soluciÃ³  i recusos a llarg termini per les urbanitzacions sense clavegueram
1;;Vota el q vulguis, perÃ² no faltis al respecte als que lluiten i es defensen dels atacs del PP. No els facis la feina https://t.co/BIBzaGguEA
1;;El basc JULEN COLINAS (@julencolinas) marca el seu gol 11 aquesta temporada i supera Manu Onwu com a mÃ xim golejador del @Lleida_Esportiu.
1;;@DavidVinyals @lopezbofill @epaluzie @enricvd si senyor, tal qual.
1;;@ANC_Mossos @Jaumeassen no han fet res per desallotjar? Fins quan permetrem aquestes coses a la nostra ciutat? https://t.co/Yt7fdW1QN9
1;;@JordiHD883 Moltes grÃ cies!... AixÃ² espero ğŸ˜‰
1;;Comencen les comunicacions orals a la sala Sert #IVCCISM https://t.co/d6JuHTvpR8
1;;Fent cua astronÃ²mica x entrar al salÃ³ d l'ensenyament a Barcelona. https://t.co/qIoeZDcTBj
1;;[DIRECTE] 78' 1-0. Entra SimÃ³ per Alex Jordan! Aplaudiments per al jugador del @palafrugell_fc subsituÃ¯t! #futbolcat #3cat15
1;;Trobar els nostres espais #pacientexpertcuidador #TSSanitari @icspirineu @apicslleida @cuidadors https://t.co/V6H6J0GAx6
0;;https://t.co/Z9Q62Mc82a venga @MilloremTGN @holatarragona @tarragonitipus es la vostra!! ğŸš¯
1;;Jo EM DEMANARÃ‰ un entrepÃ  GRAN. I tu, quÃ¨ ET DEMANARÃ€S? (incor.)......Jo DEMANARÃ‰ un entrepÃ  GROS. I tu, quÃ¨ DEMANARÃ€S? (correcte)
1;;Tinc el cap com un bombo.
1;;La Festa Major de la UPF arriba a nivells increÃ¯bles amb gent com vosaltres al costatğŸ’™ Souâ€¦ https://t.co/FqDVUCJWMn
1;;GrÃ cies per tantes rialles, dins i fora de l'escenari. La teva ironia i humor mordaÃ§ em van fer passar molt bones estones #carlesflavia #DEP
1;;@DraDRuiz Bon dilluns! ğŸ˜‰ğŸ‘
1;;hasta missas h'an de fer per franco aixo names pasa amb un pais com escanya ni alemanya ni italia amb els seus carnices no pasa aixo
1;;"Quan les economies es globalitzen, empreses i individus d'alts ingressos esdevenen mÃ©s mÃ²bils. Parafrasejant Tiebout, ""voten amb els peus""."
1;;@iraolagab el booty q se nos va a quedar ğŸ‘
1;;@RaholaOficial @junqueras @sanchezcastejon @KRLS: si no ho sabia Ã©s per tirar el barret al foc.
0;;Lo pitjor de tot sÃ³n la quantitat d'analfabets que s'hi creuen a aquestos mentiders  https://t.co/d7xpgNlBAd
1;;TU: \nNo hi ha sols una opciÃ³, perÃ² quan et toca la millor Ã©s impossible deixar-la escapar.\n#trossetsdelquepenso
1;;"Estem fent el assaig final!\nDemÃ  i dilluns Indiana Jones ""En busca del arca perdida""! ProjecciÃ³ de la pelâ€¢lÃ­cula amb banda sonora en directe"
1;;Som #RepubliCATambForÃ§a i nosaltres anem passant! https://t.co/Ejm2CaDqxj
0;;Sense hÃ bitat no hi ha connectivitat i lamentablement la seva pÃ¨rdua sembla imparable en Ã rees molt antropitzades. https://t.co/WQrrf3QdhF
1;;"""IdÃ², nosaltres si que el tomariem"" (el monument feixista de #SaFeixina dedicat a uns feixistes criminals de guerra) https://t.co/4x5xps1pHC"
1;;Casa Mila \n#spain #barcelona #catalunya #casamila #gaudi #barcelona #barcelonagram #barcelonaâ€¦ https://t.co/sUfmq57BzK
1;;@rogermilego vaig fer bÃ© de comprar jaqueta d'esquimal fa poc... Encara l'amortitzarÃ©! :)
1;;Full de la partitura del concert de campanes (5 campanars) de dimecres nit #gironatempsdeflors. Fa nang nang nang ;) https://t.co/ObopBuyowP
1;;Diu el refrany:\nEn divendres de pluja\nQui no ve a assaig\nÃ‰s una truja\n\n#vensaassaigoquÃ¨ #castellers
0;;@carolsoler_cat @cervera_jess @kim_soler En un pais mÃ­nimament civilitzat seria delicte! PerÃ² #SPAINisDiferent
1;;ğŸ£ @ Sant Feliu de Llobregat https://t.co/QEkBRozeUm
1;;"#c2em1profe Com organitzeu a la vostra escola el treball colÂ·laboratiu entre els mestres referents?, encara no teniu treball colÂ·laboratiu?"
1;;@venturosm GrÃ cies per defensar la nostra identitat. tot el meu suport.  ğŸ‘Š@NacioBergueda
1;;@ernestmaragall @bbva @BancoSabadell Per aquets que vosaltres defenseu al parlament europeu, no teniu vergonya, i les Sicav's que_ x rics!!
1;;[DIRECTE] 88' 1-2. El joc queda aturat per una topada en quÃ¨ el porter MagÃ­ queda mÃ©s malparat! #futbolcat #4cat1. https://t.co/a30YBnOKpA
1;;"I la mev preferida sempre ha estat la mel de bruc. Tenia una professora eivissenca que quan en trobava em buscaba ""Ei, sa des bruc!""..."
1;;Acabem St Jordi amb ganes!!! (@ Restaurant Cal Carlets in Porrera, CT) https://t.co/n0K2MFpe13 https://t.co/7sYFAdlg0g
1;;Descobrint els millors racons i les millors vistes de @grandvalira https://t.co/yEJVgnQul3
1;;'Sembla que estem apropant postures amb la finalitat que ha de tenir l'impost turÃ­stic.' @Aurora_Ribot @OnaMediterrania
1;;El Tibidabo des dels peus de la Torre de Collserola #Barcelona #Catalunya #oneplusone #morningâ€¦ https://t.co/Z0KKl5OdRe
1;;@GinaFCB @alba_forner Al septembre, si ho aconseguim, hi hauran noves informacions ğŸ˜˜ğŸ˜˜
0;;"Artur Mas ""ara que no hi ha hiper lideratges a qui li donem la culpa de les coses? Fer del lÃ­der l'ase cops Ã©s fÃ cil, de primer primaria'"""
1;;Ãšltims dies que estic a @microteatreVLC amb #vivocantando. #microteatre #valencia #actor #russafa #ruzafa #teatre https://t.co/BhZwzsHFVa
1;;Mentre es duguin endavant les lÃ­nies acordades al pacte, no tendrem cap problema amb els companys de govern.@Aurora_Ribot @OnaMediterrania
1;;@IniciativaCHX la mÃ xima cooperaciÃ³ entre la direcciÃ³ territorial i l ajuntament x a aquest i qualsevol altre assumpte
1;;I tant! Cal donar-lo a conÃ¨ixer i tota ocasiÃ³ Ã©s bona! Per cert, propostes de frase per a @lletres @CodinaJosepM https://t.co/wMyIbnTvjB
1;;Aquest dissabte #POUM #REVOLUCIÃ“ https://t.co/8352CmvpUZ
1;;@alcarazpp @diguemagosarat @EvhVico @ViladecansTweet i si algÃº ensopega? o atropellen algÃº?... just acaben d'encendre-les.A les 11 de la nit
1;;Un plaer conversar amb Carme Trilla sb #Fonsdesolidaritat de l'#Aigua al blog @BCNesAigua
1;;Quan convÃ© sabem com passar les tardes de diumenge. T'esperem al Candela Raval a la plaÃ§aâ€¦ https://t.co/vvvm6sMwGA
1;;@AndoolBlu volemos juntos â¤ï¸.
1;;Aquest #SantJordi us recomanem una lectura interessant sobre l'apassionant mÃ³n del #sistemadigestiu https://t.co/ewBrNZQvxq
1;;Trobe a faltar els nostres selfies nocturns, cuchufleta @lucieta96 ğŸ˜ªğŸ˜‚ğŸ˜‚ğŸ˜‚â¤ï¸
1;;"""Molts pensÃ vem que era injust que les polÃ­tiques dels privilegiats ens passaren per damunt."" Rosana Pastor #BurjassotSomriu"
1;;@BecarislaCaixa quÃ¨ estem fent deixant q els bancs privats es fiquin a les escoles tambÃ©?!
1;;"#324eltemps #meteocat Castellbell i el Vilar (BAGES) 10-7-16\nTÂª Min: 20,4ÂºC. TÂª Max: 38ÂºC. La mÃ©s alta dÂ´aquet any"
1;;Cursa Urbana de Sant Josep a #Figueres #amicsdeSantJosep amb @chris_lopez_84 corrent i @torresrichi27 de voluntari. https://t.co/ZBSTrPy36J
1;;A la caca, barÃ§a. Â¡Hala Madrid! ğŸ’ª
1;;"#pi3branques i #pijove #castellarderiu #berga #berguedÃ  @lluisfervi https://t.co/w3a86u7856"
1;;Hi @LaiaTM l'invitaciÃ³ promesa by @EdDieresis Â¡MoltÃ­simes grÃ cies per la xarrada d'aviu! Ens veiem dimarts :) https://t.co/GGSYDlH6Dd
1;;ComenÃ§ar el dia escoltant The Fratellis i altres coses boniques de la vida.
1;;ğŸŒ·ğŸŠ FeliÃ§ Sant Jordi! ğŸŠğŸŒ· @ Barcelona Centre https://t.co/x8KuubRdDq
1;;En @RafelRuiz i en @vicenttorres1 han aconseguit en 9 mesos el que no va fer @popularseivissa en 4 anys: obrir el CETIS! @Consell_Eivissa
1;;El berro mes gran que va parir truja, sabeu qui es...
1;;Tots els que tant parleu del tema de la Gabriel, no us perdeu dissabte @elsuplement, no sigui el cas que us quedeu amb el titular i prou.
1;;No patim, seguim a â•10 i la lliga Ã©s nostra #noiestwitterBarÃ§a  \n@NoiesTwBarca
1;;Â¿Que potser acabarÃ  sent, la CUP, responsable de les no inversiones municipals a BCN, com suggereixen els corifeus dels Comuns? GasÃ²fia!
1;;Nit del foc ğŸ˜ğŸ‡ğŸ† #fallesunesco #falles2016 @ Valencia https://t.co/GdJgIUjukg
1;;Ja sabeu com celebrareu Sant Jordi? Al #KresiosBCN farem 2 menÃºs degustaciÃ³: per un dinar especial o un sopar Ã­ntim. https://t.co/3x4488NIVM
1;;El que estÃ  fent @handbolbordils els darrers anys en handbol i volei tÃ© molt mÃ¨rit,molt,especialment aquesta temporada.Enhorabona! #respect
1;;@jammadteam GrÃ cies! A veure si aquest cap de setmana puc fer una sortideta pel RipollÃ¨s, mirant els teus vÃ­deos mÂ´entren moltes ganes! ;-)
1;;"#Afavor de la precarietat laboral: #wufem"
1;;La lluna te dos cares. ğŸŒšğŸŒ
1;;@Xaus82 millor aixÃ­ doncs ğŸ’ªğŸ™Œ. Tema del personal... Ã€nims. Ã‰s lo que hi ha...\nBona nit tet!
1;;@xafbcn Jo me'l faria amb una mica de llet de soja, ja posats.
0;;Ull! No Ã©s la UE, sÃ³n els Estats membres, els culpables de la humiliant gestiÃ³ de la crisi dels refugiats!
1;;@elchiringuitotv @lobo_carrasco vlaro que tenia q ser EXPULSADO
1;;3/4 - Moltes grÃ cies Infranor Mavilor, @Agroptima, @Devicare, @hemavgroup, +Millor @Baltasar_BALTA, ESA BIC Barcelona per les conferÃ¨ncies
1;;Hola Barcelona ! ğŸ˜âœŒï¸ @ Barcelonaâ€“El Prat Airport https://t.co/IBT96IpvSl
1;;Cap al Nou Congost, avui contra @unicajaCB ! #SomHiManresa!
1;;"@324cat Que la nova CDC vagi en compte amb el nou nom. ""Junts x Catalunya"" pot donar a confusions que a ningÃº li agradarien. Aprofitament."
1;;Carles Losada ens porta les Ãºltimes notÃ­cies informatives i @JOLUGILBU ens porta l'Ãºtima hora esportiva @ESPORTSCOPE @CopeCatalunya
1;;@NuuriaAlcaina Una micağŸ˜ˆğŸ˜ˆ Pero sera el millor!!!!ğŸ˜ğŸ‰
1;;Avui a la secciÃ³ de vins amb en @tinesprimer tastem un MasdonÃ­s negre del @cellercapcanes de la @domontsant https://t.co/7OagUsemVo
1;;Hi ha temes massa delicats i jugar-t'ho tot en una decisiÃ³, no mola gens.
1;;@cosasdemarta no tia jajajaj, me l'haguÃ©s pogut comprar, perÃ² no m'agrada que sigui de plÃ stic â˜¹ï¸
1;;QuÃ¨ ens ha passat?
1;;L'entrada de vehicles pesants a centres de nuclis urbans Ã©s perillosa i poc eficient, cal optar x alternatives - contaminants i agressives
0;;"'Cap recanÃ§a: estava previst. \nTots els reductes \nde fosca sÃ³n llum dels teus actes'.  \n@QuimaJaume ""Pels camins remorosos de la mar"", 1989."
1;;"Gas Natural Fenosa coincideix amb Endesa que cal canviar els criteris d'ajudicaciÃ³ del ""bo social"" de la llum. https://t.co/i7vMGGSgEq"
1;;Els veurem defensant al poble palestÃ­ o mapuche, segur. No et preocupis que passarÃ . @SeguiIgnasi
1;;Gracies per la 24 lliga! Aquest palmarÃ©s es ja una passada! Mil gracies per ser els millors https://t.co/6SM5jb6hnN
1;;"@Franxapa Cert... AixÃ² era ""previsible e inevitable"" ğŸ˜‰"
1;;Si els catalans volguÃ©ssim ser espanyols, de quÃ¨ ens haurÃ­em d'enorgullir?\nMedalles olÃ­mpiques i Mundial futbol?\nHi ha res mÃ©s?\nSegle XX?
1;;@FCBarcelona mÃ©s que un club ğŸ”µğŸ”´
1;;A la TV diuen que @CiutadansCs S'ha d'esinflat a Catalunya ğŸ˜ğŸ˜†ğŸ˜‚ğŸ‘
1;;desde fa 7 anys que la vaig escoltar es una de les que mes m'agra i mai me cansare d'ellağŸ˜\n\nhttps://t.co/njIRPQnICj
0;;La llibreria nazi Europa segueix oberta i va muntar paradeta per Sant Jordi, via @McIntolerancia
0;;Tot el meu suport a les vÃ­ctimes de l'accident d'autocar a #Freginals i el meu condol a les seves mfamÃ­lies
1;;Ho trobo una molt bona notÃ­cia! https://t.co/jmoYfbzSlj
1;;@_TeresaOBrien se na altura a confianÃ§a era tanta :/
1;;"#EleccionesGenerales2016 desatre.  Guanyen els corruptes,1.500 imputats i aquÃ­ no passa res."
1;;Ajuntament @BDValles: quants mesos mÃ©s han de passar fins que poseu engronxadors al parc de La RomÃ nica? #Vergonya https://t.co/iP0udxzQUM
1;;@DavidGR1714 Si la hem de fer entre tots, mitjanÃ§ant assemblees populars i referÃ¨ndums punt a punt, jo tambÃ© prefereixo no tenir-ne :)
1;;El seu primer disc estÃ  cridat a ser un dels millors de 2016. Descobreix el potencial d'@animalgrup al @guitfestbcn! https://t.co/SyVgDFrR5a
1;;@NosMarcel @mmillanclosa MARXEM I CON MES AVIAT MILLOR
1;;@Marta_catalonia Doncs si que comenÃ§a a ser una mica pesat. PerÃ² tots els paÃ¯sos necessiten els seus herois.
1;;Joves pensionistes ens expliquen les lluites en defensa de la sanitat pÃ¹blica ConferÃ¨ncia @EUiAdeLH @AnnaGonzlezMont https://t.co/Mpq5xDwpxe
1;;@_NicoMV_  vull dir que jo tambe estic contenta de veure a la meva, no pas que jo ho sigui jajajaja
1;;".@CatalinaClader1 ""L'Impost Ã©s finalista i entrarÃ  en vigor el juny. PermetrÃ  fer una redistribuciÃ³ d la riquesa q genera el #turisme"""
1;;Se debÃ² algÃº creu que la forma de defensar els drets de tots es no utilitzar el caralÃ ? Malalts, molt malats d'intolerÃ ncia i sectarisme.
1;;Mentre la @GarbiMuguruza pira a SuÃ¯ssa per pagar -, aquÃ­ no paren de pasar pel jusgat els jugadors del @FCBarcelona_cat . Tot normal eh! #fb
1;;.@QuinManso L'espanyolisme que va viure tan bÃ© durant el franquisme intentant alliÃ§onar la Catalunya democrÃ tica  @miriamtey @cronicaglobal
1;;En @JaumeFont_  #@elPi_IB visita Els artesans al medieval de Capdepera #mercatmedievaldecapdepera https://t.co/71e9N346mM
0;;@jlvillanueva8 @Robert1Cuesta sempre s ha de tenir memÃ²ria si no caus en l ignorÃ ncia !!! Repeteixo , grandÃ­ssim trebal !!!
1;;A BÃ©tera la mÃ xima arribarÃ  hui als 34Âº. Aigua, ombra i aire condicionat. Compte amb els iaios i els xiquets https://t.co/YYs5jfineY
1;;De vegades Ã©s fa molt difÃ­cil creure en la justÃ­cia. Massa com per fer-ho a cegues.\nhttps://t.co/gnl3EpI6Wy https://t.co/FXaq7nqZur
1;;FeliÃ§ i saludable, Sant Jordi!ğŸŒ¹ğŸ“– \n#santjordi2016 #cabrils #Maresme #catalunya #catexperience @â€¦ https://t.co/rZE53oZII5
0;;Se suspÃ¨n la recerca del taradellenc desaparegut des de dilluns https://t.co/UArqJm1gye | @taradell
1;;@Rafa_MedinaSV @PompeuFava Ah, correcte. Pompeu parlava de la llengua no del tema. Aclarit.
1;;Les he fet totes #queorgullosaemsentodemi
1;;@ScariestStorys @XSalaimartin . Unes quantes d'aquestes els i haurien d posar als polÃ­tics ESP a verÃ© si espabilen. ..
1;;@CavesBohigas @VeuAnoia \nDemostracio clara de un sentiment i compromis, en un negoci que sents com a mol teu, amb esperit de millora diaria.
0;;@LaPotlla \nSÃ­, sÃ­ la culpa de tot la tÃ© el Zapatero.
1;;"Com lo que se diu ""perdre el nord'...acabaran perdent el sud tambÃ©. https://t.co/3YD9QWhAgA"
1;;Nit @DO_Cava amb @WOMtrioBCN al Claustre Sant Francesc. Maridatge perfecte. https://t.co/WZBKhOUx6v
0;;@XiscaAguilera @RCD_Mallorca @penyesmallorca A partir de 1â‚¬
1;;"ğŸ”Š@YagoAlonsoBCN ""El pla estratÃ¨gic d'infraestructures buscaria consensos polÃ­tics per mÃ©s d'una legislatura i fixaria prioritats"" #plebcn"
1;;Jo tambÃ©...l'he reportat x amenaces https://t.co/d11lVAKU4Y
1;;.@cupvila lamenta q el govern no hagi tingut en compte el Patronat de Vinseum a lâ€™hora de proposar un nou president https://t.co/pzjd4ImWGC
1;;@ariadnaVP5 encara no se horaris!! ğŸ™ˆ imagino q fins les 20h!!
1;;Ã‰s el moment de tornar a veure #ArrestedDevelopment i ho sabeu.
1;;"@silviacastiillo els teus audios de ""solos"" de guitarra. El millor ""audio inesperado"" ğŸ˜ŒğŸ˜‚"
1;;Esmorzant #avuiÃ©sunbondia (@ Forn De La Rambla in GavÃ , Catalonia) https://t.co/c2LWwPEOzx
1;;GrÃ cies a vosaltres per la feina que feu per l'esport base i el territori @fedeinsenser !
0;;@josesoliscangas @MinutoNavarra @antoniobanos_ @guardiacivil al insultar ja has perdut la raÃ³ noi
1;;Molt bon #DUIlluns a totes i tots.\nAvui mercat al poble, perÃ² no hi anirÃ©.\nVisca la Terra Lliure!\n||\\*/|| https://t.co/jVcn0wLLMO
1;;"Jordi Cuesta (@pickingmed01): ""Demanem a tots els aficionats a renovar el seu carnet de soci. Sense ells no som ningÃº"" #batecterrassencâ¤"
1;;@joansabate si ja et dic que no em molesta pas que ho facin. A mi m'agradaria intentar fer una altra cosa, res mÃ©s.
1;;@luysen Tinc por de que vaigui en broma. Tinc rissa de que vaigui en serio. O  al revÃ©s, nu sÃ©.
1;;@LaHipogrifa felicitats, el proxim any us esperem al camp nou. ğŸ‘ğŸ»ğŸ‘ğŸ»
1;;La @SDP_1922 no pasa del empate ante el @CDTOficial y se la jugarÃ¡ en la Ãºltima jornada ante el Girona (1-1).
1;;Amb Cruyff, els partits del BarÃ§a eren pura plasticiat. PerÃ² Ã©s que els entrenaments tambÃ©! Mai ho oblidarÃ©...
1;;A camara lenta. ?\nVol dir que fins ara tot pel broc gros.?\nAquests individus mereixen la nostra confianÃ§a ? https://t.co/OK7wX2s8sG
1;;@mmillanclosa anem tots a una i que es toquin allo que no sona pro encara no ha dimitit el desgraciat aquet
1;;Les persones amb discapacitat sÃ³n una riquesa per a la societat https://t.co/icjZ4d6hlh\nVia @AleteiaES https://t.co/wKfDNzRqz1
1;;@galapita I ho has descobert aquest any? A mi em portava l'avia fa 40 anys. Toqueu el fos de l'ajuntament, farsants! No coneixeu BCN
1;;@marclluis bastant sagrat, es tema. DemÃ  atent que segurament me passarÃ© es dia fent tuits amb es puntillo. Cada any hi ha escenes gracioses
1;;Proves del delicte... Ahir #Bandulimejant a #Blanes #casallacooperativa un plaer!! (Foto de laâ€¦ https://t.co/BS2Ft9x33x
1;;Alteracions del son, contractures, mareig, mal de cap, falta d'energia...alguns dels sÃ­mptomes d'un excÃ¨s de radiaciÃ³ #xerradacasasana
1;;@TeresaJorda has de tenir paciÃ¨ncia  , aviat veurÃ s un acord PP+PSOE per salvar les essÃ¨ncies de la PÃ tria aixÃ²  si fent un gran sacrifici .
1;;No puc deixar-te ara que ens hem mostrat les cartes,\nmâ€™encisa rebolcar-me a les teues entranyes.
1;;Aquest de @bbva ho patrocinan tot a #Terrassa, no nomÃ©s la @MitjaTerrassa, bÃ© quasi tot, el #JazzTerrassa diria k no https://t.co/FyrwlFLMDe
0;;@andreulleida @perebai4 @mikepoch @Champara @FerranMontardit @RobertUtges @xavilaso @Lleida_Esportiu son 3 als 4 Ãºltims anys
1;;"#Rajoy s'ha quedat clavat amb  @VicenteVallesTV! Bon entrevistador! #debate13J"
1;;@elsrsergi El #CompiYogui era qui llogava les cases per les follamigues del Rei. PerÃ² aixÃ² nomÃ©s ho podem llegir a la premsa estrangera.
0;;Iglesias ho ha entÃ¨s tot i res. Que la clau Ã©s qui Ã©s vist com el culpable, ho ha captat. Ara,centrar-ho en la seva persona col a Ãºnic fre âŒ
1;;@Marcossanchis Aleshores haurem de preguntar a la regidora de mediambient de XÃ tiva @pilarbuig
1;;@FannydolP \n\nSalut Companya i GrÃ cies ğŸ™‹
1;;Li seguiu fent massa cas a SCC i, d'aquesta manera, engreixeu una vaca magre. El mal ja estÃ  fet, perÃ².
1;;NingÃº se n'adona que el hashtag #FiestaDeLaDemocracia Ã©s una puta merda?? Hem d'estar contents de poder votar quan Ã©s el nostre dret?? VINGA
1;;La @firatitelles #Lleida ja ha venut gairebÃ© la meitat de les entrades i uns 12 espectacles les tenen exhaurides. https://t.co/UEr3iSu4Wy
1;;8 anys de discursos banals\nel moviment es demostra caminat\n#PlePobresa multeu als bancs!!\n#ILPesLlei @parlament_cat
1;;"#paseo #tranquilo por #besalÃº #catalunyaexperience #catalunya_monumental #catalunya #spainâ€¦ https://t.co/TcM47BqLPH"
1;;propostes gastronÃ²miques @FMSantCugat https://t.co/qwwQSoGWzv @mconesapages @Maytesantcugat
1;;@EvaPiquer @CatorzeCat GrÃ cies â¤
1;;Sempre Ã©s bona notÃ­cia q neixi un nou diario. Sort a @elnacionalcat
1;;La rapidesa en degollar els koinÃ©s de torn denota que al progre neounionista @LluisRabell se li'n refot l'alarmant situaciÃ³ del catalÃ 
1;;"#Correfoc #HospitaletdeLlobregat #Catalunya @ L'Hospitalet de Llobregat (Pubilla Casas) https://t.co/nxEVtDGjBa"
1;;@Neustru @Soysapri @ajuntpalma No, si venir ja han vingut fa 10 minuts perÃ²...
0;;Els que viuen immersos en la corrupciÃ³ els Ã©s extrany que els descobrisquen, com si d'un fet anormal es tractara.
1;;@dashierbinich 2-0 hsv 4-0 barÃ§a ğŸ™ŒğŸ¼ğŸ™ŒğŸ¼
1;;Rutes per la histÃ²ria proper dissabte https://t.co/o7x5ZgU2lH Horta i barri de Sant Pere
1;;@Cassallaenfresa @netdeltiocanya @sentosentencies @FinorV jo he probat al tevanadarfuerteyflojo.de i tenen ofertes molt bones.
1;;@vagamundo @MadridTB @GaliciaTB @AndaluciaTB @TravelInspirers No ho entenc, sap q Barcelona esta a Catalunya i te llengua propia? #Oletu
1;;@AMPAMarNova ja estem inscrits a l'assemblea general de la @FaPaCcat d'aquest dissabte.
1;;Comencem la Jornada EstratÃ¨gica de l'Hospital de #CampdevÃ nol  @MiquelRoviraC @el9nou #RipollÃ¨s #salut https://t.co/LSxpZj6eYc
1;;@arnaumt sabem quÃ¨ ha fet des de que es va llicenciar el 2011 fins avui? no entenc res xD
1;;Enhorabona @jordisanchezp! ForÃ§a i encerts en aquesta nova etapa a l'ANC. https://t.co/HriykCHtm8
1;;@pcasajoana @BonIndepe @dianacoromines llegeix i veuras lo q ha passat. !! No han volgut atendre a una clienta q parlaba Catala
1;;Ja entenc per quÃ¨ el nÃ©t dels meus jefes estÃ  com estÃ ... Ã‰s jugar de futbol professional, @raqueleta97.
1;;@BDNRunning Bona tarda. Vaig inscriure la dona amb el meu @ i ara nomÃ©s rebo la seva info ;) Com puc saber el meu nÃºm/dorsal? GrÃ cies
1;;Molt bon dia!! Avui uns quants nÃºvols pero igual de calor!!\n\n#aroses #altemporda #siKimeruâ€¦ https://t.co/yPgGZijNV1
1;;@m4ul3t Els hereus del de la dreta, espanyolistes, ens diuen nazis als catalans.\n(SÃ³n d'una bellesa que enamora...els desgraciats)
1;;@davidgaspar_ PaciÃ¨ncia...ğŸ˜œ
1;;Cap de setmana clÃ ssic, dissabte @FCBarcelona_es @realmadrid i diumenge RalÂ·li #Barcelona #Sitges @rallisitges https://t.co/rsif3Lb0uU
1;;@korsarakov 29. PerÃ² quÃ¨ vols que diga de tu, si t'ho he dit tot, eres tan puta ama i tenim pendent un maratÃ³ de Star Wars ea
1;;Molta sort als estudiants que s'estan examinant per la #selectivitat! Ã€nims en aquesta recta final ğŸ’ªğŸ»ğŸ“šğŸ”œ @universitatscat @joventutlaselva
1;;Volem una assemblea despolititzada #JoTambÃ©SÃ³cANC https://t.co/eKQEiItIuI
1;;LluÃ­s Serrat (1954), Jordi Ribot (1968) i David Borrat (1982) expliquen com es van introduir en la fotografia. https://t.co/wL0LcTUDa5
1;;.@SergiCastanye Fant tota la pinta d'haver estat el ximple Ãºtil.
0;;@dgonzalezvil @luysen @ernestnegro Li puc dir jo, que estic a lleida.
1;;CarrerÃ³n la #ParisRoubaix preciosa carrera y precioso deporte. Impresionante!!
1;;me encanta como habla, y mÃ¡s como besaâ€¼ï¸ğŸ’‹ @ ColÃ²nia de Sant Jordi https://t.co/Dd3djNCtiC
1;;a mi m'agradarÃ¯a mÃ©s dir @aulotemoltmacu  compromis, cullons i molta paciÃ¨ncia k es el que necessitem x guanyar @UEO1921 @lagradaUEOlot
1;;Els del TC tambÃ© haurien de tenir el sou i la vida de 1707.  https://t.co/OfiQ6g8y4a
1;;T'agrada el mÃ³n del vi? ğŸ·\nTens ganes d'aprendre coses noves? ğŸ’­ \nVols passar una bona estonaâ€¦ https://t.co/lPNvTO1Oat
1;;ğŸ’œA l'estiu serÃ© una figa ğŸ’œ @ El Morell, poblacio Tarragonina. https://t.co/4r6OYndulT
1;;Un nen de 12 anys roba un arsenal d'armes d'una comissaria dels Mossos a Girona https://t.co/zmQvpuCLCA https://t.co/cX9JgHlLQR
1;;@fgabarrell anava amb calÃ§otets blancs? Es la clau per identificar-lo. ğŸ˜œ
1;;Acabar #SantJordi amb blaumut a #Girona no tÃ© preu! ğŸ˜ GrÃ cies!! #noespotdemanarmÃ©s #ensencantaâ€¦ https://t.co/PFpUtCHIAA
1;;@Esparroqui @robotronk1 @okdiario jajajaaaa
1;;Aquesta setmana rodem a la bolera @ildiagonal pel @tria33. Si no m'arrenco un braÃ§ haurem tingut sort. https://t.co/GPOwrQVFji
1;;El @PSOE demanem el vot amb la ilÂ·lusiÃ³ i l'esperanÃ§a de construir un paÃ­s millor #VotaPSOE #UnSÃ­PorElCambio https://t.co/nH27qwjPNw
1;;A #Alacant promocionant l'Int. de Tennis Taula Veterans #Reus2017, content de trobar-me amb MÃ²nica Weisz #esportcat https://t.co/S62thQt74K
1;;Mentre uns es dediquen a emmerdar les eleccions a @assemblea amb articles capciosos i irresponsables, jo ja he pogut votar lliurement
1;;80': bona acciÃ³ col.lectiva alegre que finalitza Alegre amb un xut que atrapa sense problemes Elliott!
1;;"""Ara q tot fa pensar qu hi haurÃ  eleccions C's defensa la llei d'emergÃ¨ncia social del Parlament"" se us veu el llautÃ³ xatos @CiudadanosCs"
1;;"@santitant @324cat voleu dir quÃ¨ no estan fins als pebrots d' escoltar ""mira quÃ¨ makus"""
1;;No fa falta sortir de #catalunya per gaudir de bons formatges. Ens ho demostra aquest carro deâ€¦ https://t.co/jGxrrdYTix
1;;"""@elnacionalcat: Una regidora de @CsZaragoza_ amenaÃ§a un somelier amb ""arruÃ¯nar-li la vida"" mentre el marit vessa el vi a terra .Fastigossa."
1;;"""El cÃ rrec Ã©s 'cap de continguts' i no de 'programes' perquÃ¨ el mÃ©s important Ã©s fer bons continguts i no com es distribueixen"" @SantiFaro"
1;;Els @bomberscat treballen en una #explosiÃ³ a una #empresa de #VilafrancadelPenedÃ¨s : https://t.co/eCXzH0k2zf https://t.co/X9Dy2RvnnZ
1;;"#enpaumhadeixat un llibre genial de la magnÃ­fica @casasnuria. He passat molt bones estonesâ€¦ https://t.co/f6vBzBINJ7"
1;;Molt recomanable @Gustaterra recorregut ple d'anÃ¨cdotes interessants #history que no coneixem #Vilafranca#Penedes https://t.co/nZlPPtcWhR
1;;".@MortyViu tens raÃ³, he posat ""palla"" per ""pols"", ara ja es el mateix. Jo de petit ho vaig viure en 1a persona quan anavem a batre a l'era."
1;;@Moragasanti @jonhymenfado segur, pero m'agrada, hi ha d'altres q ho fan pitjor
1;;@MnicaRebullCome @dnicatala @rosamariabe1  Bon dia MÃ²nica i companyia, de vacances pr paso mitja vida a Calella https://t.co/m0HVbBgSDQ
1;;@AnicetoRamirez @quimnadal @3Xemeneies @Ipatrimoni De moment, ja he vist enderrocat l'anell de Les Glories, que tambÃ© vaig veure fer...
1;;@tv3cat Cal que els locutors de TV3 deixin de dir ESCOLTAR on han de dir SENTIR. Parlar catalÃ  no Ã©s calcar literalment el castellÃ 
0;;sÃ³c gilipolles perq no li hauria d'haver dit res :)
1;;2-11!ğŸ€ğŸ€ Com ha comenÃ§at el Madrid, amb la sisena marxa!
1;;Dissabte a Gualta (Baix EmpordÃ ) JOAN COLOMO + EL PETIT DE CAL ERIL, els dos joans amb banda alâ€¦ https://t.co/lv8mCSX2l2
1;;@MainatJM va bÃ© saber-ho! ;-)
1;;AquÃ­ no sÃ³m capaÃ§os d posar-nos d'acord, i allÃ  per molt q fÃ cin tot lo q sigui anar en contra de CAT dÃ³na vots (2) #MinistreSinistre
1;;@DanielBCN75 amb gent a favor de la violÃ¨ncia millor no entrar en debat. Bon dia!
1;;@talentiagestio Moltes grÃ cies pels RTÂ´s Manel, bon dimecres =))
1;;Si m'hi esforÃ§o mÃ©s la prÃ²xima vegada pujarÃ© tot el fang del pÃ rquing de terra a casa.
1;;Els alumnes de cicle superior tambÃ© celebrem @stmedir \nDOLÃ‡A FESTA A TOTHOMğŸ­ğŸ¬ğŸ­ğŸ¬ https://t.co/6WQCrwzCFG
1;;Mira @carlosabadiaj , hoy traen a Rajoy.
1;;Alguns encara no hi saben que sense independÃ¨ncia no hi tindrem l'estat de benestar irecursos pÃºblics#Viladecans https://t.co/a7zBVzR1YD
0;;"Marta Comas: ""Des del Consorci hem tingut un paper facilitador a les iniciatives innovadores q ara volem que siguin sistÃ¨miques"" #InnoEduCat"
1;;@Mahrez22 Come To Barcelona. @FCBarcelona_es ğŸ˜ğŸ˜ğŸ˜ğŸ˜
1;;"#LesLliguesEsGuanyenEl23A Ã€nims, noies, vosaltres podeu!!!"
1;;@ValorExtinto ya vuelvo a terminar la carrera ğŸ™ˆ
1;;Hem de partir del que lâ€™alumne sap i del que Ã©s, aixÃ² passa per la seva famÃ­lia, el seu barri..#escolanova21 https://t.co/AXZ2vUKNTG
1;;Al ferry Eivissa cap a Formentera i amb ganes de tornar-hi # sesilles #formentera #natura #estiuâ€¦ https://t.co/Qzc1X7TP1Y
1;;INFLABLES A LA PISCINA\nNo et perdis aquesta festassa! DiversiÃ³ per a tota la famÃ­lia! #Estiu2016 #RiudellotsMola https://t.co/RXxKeo6Chq
1;;".@mtdp08230 tambÃ© Ã©s molt lÃ²gic l'â‚¬ + del menjar ""per emportar"" quan no fas us del servei/mantelleria.Les safates sÃ³n plata autÃ¨ntica suposo"
1;;Joventuts Unides celebra els 50 anys amb la cantata TransatlÃ ntida. https://t.co/Mc0Zqk0525
1;;@misoni19 @vicenssala Per ells, la independÃ¨ncia Ã©s instrumental, una manera d'arribar al poder.
1;;@JordiRomagosa @SergiGarcesDiez @Lour450 @Txisky @psaltiveri imagineu els Ãºltims mesos sense @RadioSabadell  o @ddsbd \nEstarÃ­em amb antorxes
1;;@lariga222 dit aixÃ², has de saber que a casa som mÃ©s de fer l'amor. Pq per fotre un polvo s'ha de fer una guerra primer...
1;;Encara no m'explico el quÃ¨ ha passat avui al camp
1;;A #Villalonga tambÃ© pateixen de transparencifÃ²bia. Segur que l'oposiciÃ³ s'implica mogollÃ³ amb el tema.\n\n#ElMonSacaba https://t.co/9HnIljmIPc
1;;@QuimMonzo @J_azzys doncs hi han algunes balades excelÂ·lents!!
1;;BarÃ§a Vs Atleti #ChampionsLeague âš½ï¸ğŸ‘…
1;;.@CCOOBalears veu atesa amb acord #clÃ usulessocials una reivindicaciÃ³ histÃ²rica del sindicat. @Treballib  @iBalears
1;;MerescudÃ­ssim!! Enhorabona @Sportcatcat!! https://t.co/WROgWqGRus
1;;Volem pendre les nostres decisions per servir millor a la nostra gent, volem ser amos del nostre futur @joseprull https://t.co/Mhez2udZrn
1;;@GeneralJoanPrim @peguisuelinares @gabrielrufian si. Vosaltres la teniu llunu. Naltres a tocar
1;;@franguila @nytimes 2/3 en lâ€™actuaciÃ³ de la policia en el carrer utilitzant la compulsiÃ³ contra les persones hi ha acusacions de violÃ¨ncia..
1;;@jujuprevot - Segons tu, els catalans som uns fills de puta, i els que pensen com tu i han nascut a CATALUNYA, tambÃ© ho sÃ³n ?.
1;;Millor manera de passar el diumenge?ğŸ˜ğŸ’–ğŸ’–ğŸ’¦ğŸ’¦ğŸ’¦ https://t.co/UwuC7qZsqL
1;;Un semÃ for bonic de #Viena, una prohibiciÃ³ d'homes i dones en espaiâ€¦ https://t.co/TX65Aciv1W
0;;".@junqueras coincideix ""plenament"" amb el posicionament de la societat civil sobre el conflicte de l'art d Sixena\nhttps://t.co/lHrZPMYeZv"
1;;Avui el Dr. Oscar GÃ³mez (periodoncista) fa anys. Felicitats!\n#HappyBirthday #aniversari #equip #dentista #Granollers https://t.co/ylraDGbwPR
1;;@Verushkamixina bon dia des de Catalunya, plou a bots i barrals!!!
1;;El SÃ­ per Lleida,Pirineu i Aran te l'expliquen @monicalafuente i @sanchezcastejon al vÃ­deo que trobareu a l'enllaÃ§ https://t.co/VjZdiKZxkq
1;;"#viulaflama2016 @omnium @dolorsroo @JosepMaPrades malgrat el vent la barca amb #LaFlama avanÃ§a https://t.co/uy99pTZcXO"
1;;@parapente2004 ğŸ‘ğŸ‘ğŸ‘\nI guants?? ğŸ™ˆ
1;;@1joanjosep @LaCabro Hi ha qui prefereix la borratxa i el seu caloret!
1;;"@RaholaOficial @AdaColau TambÃ© podrÃ­em dir als treballados de #TMB que una negociaciÃ³ no Ã©s ""O fas el 100% del que dic o res"". Per exemple."
1;;PS. QuÃ¨ bonica Ã©s Girona, caris.
1;;"#fetsxcat @jordixucla sense @ConvergenciaCAT no hi ha independÃ¨ncia! ğŸ‘ğŸ»ğŸ‘ğŸ» l'hora gran per conquerir la llibertat va arribant"
1;;Rebo mails felicitant per Sant Jordi. Mare meva on hem arribat!!!
1;;Lo millor que hi ha...\nRetornar a parlar.me amb persones que feia molt que no parlÃ vem! \nA vere si recupero la relaciÃ³ amb tots!\nğŸ˜‰ğŸ˜†
1;;@MartesdeCuento bon dia! Contenta de comenÃ§ar la setmana amb aquest conte tan fantÃ stic! ğŸ˜˜ğŸ˜˜
1;;@LaLluna_LaPruna @SergiCastanye que FDP, perÃ² aixÃ² Ã©s pensament QWERTY&gt; 'a comarques no ens voten que es morin'.
1;;En aixo pensava el dia de les banderes escoceses i la baixa de la anc... https://t.co/bK7EvjS8Wl
0;;Pas a pas, fent grans passos! Gran @lluisvilaa  https://t.co/Lfm1VKQnLz
1;;El meu record per Carles FlaviÃ , un tio divertit, i amant de la vida. Ara ja eeu estar fent gresca amb el seu amic Rubianes. Quines joies!,,
1;;@donarsang no podria haver anat millor ;-)
1;;"flipo molt amb els ditirÃ mbics i hiperbÃ²lics elogis a un ""simple""... pÃ²ster!?!?\nModeraciÃ³, plis, moderaciÃ³...\n( perÃ² m'he posat palote;)"
1;;"#recerca home alzheimer Cala Conte Sant Josep #Eivissa LOCALITZAT zona rocosa platja Cala Tarida.Sense dades estat"
1;;"#adeday avui a @umanresa amb alumnes @escolajoviat escoltant @jfranch85 i Francesc Rufas https://t.co/c7M9hzimtN"
1;;Durant tot el 2016 podeu tastar el nostre MenÃº #SomGastronomia ğŸ´ https://t.co/AGcycwMyR8
1;;No et sentis sol, @oriolmitja Has fet una feina enorme i magnÃ­fica, grÃ cies #onarribenelscamins #MalaltiaPianTV3
0;;@2002eligp @PDE PerquÃ¨ @aigua_cat decideix incomplir-lo, a l'haver signat un acord amb ACCIONA que prioritza abastir BCN amb aigua del Ter
1;;@NuriaFdz_ @mmsetien @OECD @pimec alemanya mÃ©s competitiu amb salari minim de 8,5 euros/hora.
1;;Volem #republicaCatlliure x q el #corredorMediterrani sÃ­ q sigui una cosa d'avui x demÃ 
1;;Mood: Europeu de Sub-19 de Futsal
1;;@ReformaHoraria TambÃ© parlava de la mecÃ nica: s'haurien d'alleugerir i aixÃ­ serien conciliables per a tothom @ajcardedeu
1;;"#catalunyaexperience #barcelona #bcn #paseos #satjordi2016 #liarju #plazanova @ Barcelona, Spain https://t.co/8eQfb0GdC3"
1;;@RobinsonMoles @sergikima @joanmiro10 Si, tambÃ© la conec, perÃ² crec que el TC s'assembla mÃ©s a una endevina d'aquestes dels tarots nocturns.
1;;El Cristiano ja prepara la sortida del Madrid perquÃ¨ q li pasarÃ  pilota de gol desprÃ©s declaracions?.
0;;EducaciÃ³ o submissiÃ³ a normes que privilegien l'Ãºs del vehicle privat per sobre de la mobilitat de les persones? https://t.co/Z7viKQr4dB
1;;Enhorabona al @uecastelldefels per l'ascens a #3div5. Molt bona temporada al #1cat2.
1;;Quan eres subnormal i vols coses que mai han estat ahiğŸ˜‚ PPCCâœŠğŸ» https://t.co/dwUPrAtyDW
1;;@adriaSim per l'administraciÃ³ pÃºblica - la cosa pÃºblica- sÃ­. Per a l'Opus Dei no ho sÃ©, perÃ² aixÃ² Ã©s problema seu, no?
1;;Jo tambÃ© se decquÃ¨ parles. GrÃ cies Ã vies. @diariARA @CarlesCapde @escolapiamataro
1;;Ronda de repeticiÃ³ a pl. Orfila! \n@collamicaco 3d7\n#castellers #JBCN
1;;@gloriamarcetco1 @PEPSINA_MATARO ho sento soc de @Esquerra_ERC  buy l'independencia de catalunya pero aquets no m'agraden
0;;Ahir vaig fer xuixos de crema. Qui sap si els trobareu a la carta de @tavernabcn. @ Tavernaâ€¦ https://t.co/AmfvrXCEaD
0;;@EsportBalears Categoria Sub14. Diumenge 6 a les 12:15h a Son CastellÃ³ #Palma #Mallorca, torneig organitzat per @ponentrugby #RugbyBalear
1;;MenÃº DesgustaciÃ³: Trufa blanca. Primavera 2016 #trufa #desgustaciÃ³ #Daluan #Morella #bonÃ­ssimâ€¦ https://t.co/8WxdrXiaMX
1;;Tota esta aigua sÃ­, era necessÃ ria. La terra ho agraeix.\nI sÃ­, millor hui que un cap de setmana,â€¦ https://t.co/8L52Q1qTvg
1;;@sanijo92 @Dolors111068 @cisneazul13 @karmen0713 @Marcetorres019 @Apelarla @MariuetesFerrer @damadeelche59 @Marian_Lorente ğŸ’¤ğŸ’¤
1;;@jcanadellb En Baste sempre fa el mateix, si l'entrevistat es independentista fa el caganer i si Ã©s un espanyol li fa un massatge com a Bono
1;;Dinant al ParalÂ·lel, un home que ven ganivets se'm apropa. Em diu que amb ells puc tallar el cap del meu marit. Tot molt bÃ©.
1;;Avui a Madrid han decobert a la grandÃ­ssima @anasurra ! No saben el que els hi espera. Un abrazo Ana! @Esquerra_ERC
1;;M'agradaria que vos mirasiu desde els meus ulls per saber lo molt que vos admir... â¤ â¤ â¤ â¤ https://t.co/wc7TOUv0mN
1;;Rescat i alliberament d'un exemplar jove de voltor comÃº (Gyps fulvus) per part dels agentsruralsâ€¦ https://t.co/bpFMDLMwy4
1;;@salvadorcot Tossa Ã©s molta Tossa!
1;;@rblasi @ciubcn @xaviertrias @quimforn @sonia_recasens @jciurana @gardanuy_bcn jsa que abandones UniÃ³ deixa l'ajuntament tambÃ©
1;;Un nen pateix accident a unes colÃ²nies a #Alp #Cerdanya. Ingressat a UCi @HospitalSantPau https://t.co/Lz5qvtYg9Z https://t.co/nabLwUju1O
1;;El de que els retards de Renfe eren per culpa dels robos. Quins sants colons!!!! https://t.co/dpyqOakQnO
1;;Adelantam la portada del https://t.co/OFUEcDs1ts de demÃ  per anar obrint boca de lo que se ve aquest cap de setmana. https://t.co/1BTbxxMn0Z
1;;@MaratoVV @Diversport Perfecte!! ğŸ‘ Quant s'acosti la data en parlem!! ;-))\nMoltes GrÃ cies ğŸ˜œ
0;;@XEstartus @FCBbasket totalment d'acord!Tenen 14 jugadores pero nomÃ©s 1 base pur! Pq a ell no el conto, I per exemple en Hakanson a sevilla!
1;;@semprenastic .....i que sempre tinguem que pringar nosaltres amb els Ã rbitres dels trons!!\nVinga nois, guanyem contra els elements\n#VENIVT
1;;@Rocsalafaixa  sigui com sigui la @cupnacional pensa el mateix de vosaltres @merialriial @ConvergenciaCAT @Esquerra_ERC @pancracieta
1;;"ğŸ¥ @MAntSureda: ""No hi ha radioterÃ pia i no es fan els primers tractam. Per uns o pels altres, les obres s'han anat posposant."" #ParlamentIB"
1;;Espanyols ultres que mal viuen o colonitzen Catalunya avui entretinguts amb #DesmuntantJordiBorras \n(S'hauria d'haver jutjat franquisme)
1;;@LluisRealKlein @VilaWeb # per un cop  dit la veritat...ğŸ‘ğŸ‘ğŸ‘ğŸ‘
1;;@ramontremosa @mariasesca @gebelque som una colla de babaus ens foten gols per totes bandes desde tots els poders i anem aguantan
1;;Aquesta setmana donem la benvinguda a #ladaliademaspujols a: Joanmapra @Joanmapra1,Psicsalut @psicsalut i Imagina BS @imaginaBS. Ens llegim!
0;;@montsep6 Si, perÃ² tampoc no hem de donar la culpa a la xarxa, els libels no s'han creat amb Internet, Internet nomÃ©s Ã©s un mitjÃ  mÃ©s.
1;;https://t.co/zBL35GYhRI.\nQuan estic mÃ©s pendent del superdimarts i passo de les Corts,Ã©s quan la desafecciÃ³ Ã©s profunda.
1;;@PsychoMeix que guapo el lol
1;;.@naciodigital estrena una secciÃ³ dedicada als jocs de taula. El primer, Fila Filo, la gran cursa de les formigues https://t.co/YMBd5HBASG
1;;EstÃ  contant algo la xica i els comentaristes parlant de Massiel i SalomÃ©
1;;@FCBarcelona_es @FCBarcelona @Atleti pase a semis de infarto ğŸ’“ğŸ˜„como tiene q ser sudando la camiseta !Â¡ForÃ§a BarÃ§ağŸ’ªğŸ’ªğŸ’™ğŸ’— #FCBarcelona #fcblive
1;;En aquest cas enginyeria @sergisancho
1;;Sort i encert al servei dels ciutadans @iBalears dels nous consellers @pilarcosta @marcpons73 Ruth Mateu https://t.co/q9ksXquFjg
1;;No sÃ³c partidari de publicar converses privades, perÃ² tela telita lo de pablito
1;;@mireia_mb81 @Silvia_Cantos Quina sort tinc amb lectores com vosaltres! Mil grÃ cies!
0;;El primer partit de la jornada de lliga a les 10:30,desde el Mpal.Menorca.\n@PB_BARCINO-@CECONGRES (Minis)@Cadeca011 https://t.co/b7g2wfiaRC
1;;@PutoMacarron k vagi b, n oblideu comprar-me algo. i si podeu visiteu el circulo de bellas artes k si pujeu a la azotea es veu tot Madrid!
1;;Amb moltes ganes de preparar el nou projecte de la propera lliga amb el filial de nova creaciÃ³ a #4cat de @CFSANTPEDOR @BucetaFidel @Gol_Cat
1;;".@PonsVila1: ""El PSOE va aprovar un sistema de finanÃ§ament q el PP va votar en contra pq era injust x Balears, reclamem un nou finanÃ§ament"""
1;;Com pot ser que una ciutat com #santcugat,un diumenge no hi hagi pediatria d'urgÃ¨ncia? @ajsantcugat  #nonembÃ©  SoluciÃ³ Ja! @PremsaSantCugat
1;;NÃºvol de Fum, un programa d'ambient i electrÃ²nica minimalista presentat per Jaume Muntsant @nigul (23h) https://t.co/5rrkdkLCJU
1;;@josepmngs ET CONVIDO A LLEGIR NOVELÂ·LA CURTA COMPLETA\nhttps://t.co/SV40juo5rD\nDeixa comentari grÃ cies i salut T'agradarÃ 
1;;Tota la famÃ­lia patint pel sorteig d les meses del #26J perquÃ¨ anem de bodorrio i va i al nuvi li toca president titular d mesa! #kametismes
1;;@Rocsalafaixa No, es trasllada, de PanamÃ  a Jersey o Feroe etc..
1;;Matinal de bicicleta ğŸš²ğŸš² #familytime #quinmalalcul #emporda #peralada #cabanes #igersemporda2016â€¦ https://t.co/S9PocdIdq8
1;;Un any mÃ©s, demanem unes fogueres sense sang!!! La festa no Ã©s festa amb assesinats #Fogueres2016 #Alacant https://t.co/NuVY0eFLd4
1;;"@JoanQueralt @ManuelCuyas TambÃ© penso que no ho faran. ""Gibraltar espanyol"" 300 anys desprÃ©s"
1;;Detall del teclat Roland EA7! El podeu pasar a probar per la botiga! ğŸ¹ğŸ¶ #roland #terrassa #bcn #sabadell #piano https://t.co/pL223fkdjo
1;;Bon dia, sol ğŸŒ radiant amb vent fluix de tramuntana. Calella de P #324eltemps #meteocat  #arameteo https://t.co/eSevbOvvpS
1;;@matilmartinez @GodallEdicions benvinguts siguin cadups-alcaduces-catÃºfols-arcaduces-cadufs-cangilones-gadÃºfols-gatÃºfols i tutti quanti...
0;;@gmez_g @jomaesbi ja heu llegit el meu article a @diariomallorca? Digau cosetes.. ğŸ˜‰ https://t.co/i9BkT3rLxj
1;;BÃ©same, beeesamee muuchooo!\n\n#castefa #castelldefels #Barcelona @ Barcelona, Spain https://t.co/dA0FyHQNZQ
1;;Por favor que el tercer trimestre me sea leve ğŸ™
1;;"Esteu deixant al Xavier de ""diafra"". Prou ja, doneu-li un croissant de mantega o Ã©s desintegrarÃ  https://t.co/cQlWleCUdH"
1;;@jordievole no els facis cas,els sobiranistes tambÃ© tenim trolls igual que els unionistes tambÃ© en teniu. PaciÃ¨ncia.
1;;L'Atletico Ã  3 pts du BarÃ§a ğŸ˜ğŸ˜
1;;@RobertUtges ahhhhhhhhhh. SuÃ¯ssa Ã©s un bon lloc per guanyar un torneig jijijijijiji
1;;"#tossademar #castelldetossa #laselva #girona #revetlladesantjoan #catalunya #catalogneâ€¦ https://t.co/Y1GR8BcemQ"
0;;@Consell_Indus @CCV_ORIENTAL @ConsorciDOA @UEICERCLEM s'alien per promocionar el #turismegastronÃ²mic https://t.co/2SZAFe2Cy5
1;;@mmillanclosa @abcaspana Dona Ã©s l'ABC , que vols.........
1;;Quan diem que la constituciÃ³ Espanyola Ã©s imprecisa tambÃ© diem que inclou el dret a montar barricades al carrer.
1;;@sylvieperez @jordiperales Nomenament correspon SSTT. L'altra cosa Ã©s el procediment adminsitratiu previ
1;;"@elpuntavui @Moragasanti Molt bÃ©!! Un ""Heroi Indepe"" mÃ©s per afegir a la llista."
1;;"A Madrid, al taxista no li sortia el carrer ""Gobernador"" al navegador perquÃ¨ ho posava amb v, a la catalana. Culpa de la immersiÃ³."
1;;Conductooooor arranca que haig de dinar i l'andana de Catalunya no Ã©s bonica que diguem
1;;Jo no veig La Riera, perÃ² un dia em deia una telespectadora que tots els empresaris que hi surten sÃ³n uns malparits
