Ya tenemos en España a las 177 personas repatriadas en las últimas horas desde Afganistán. Son 110 afganos colaboradores de España y otros 67 colaboradores de EE.UU.La ministra de @Defensagob y el JEMAD reciben a este séptimo avión en la Base Aérea de Torrejón.Seguimos. https://t.co/lM3RxAGyoZ,inmigracion
"""El futuro pertenece a los patriotas"". El mensaje esperanzador, de fuerza y de confianza en el futuro de Abascal a los españoles en el día de Santiago Apóstol, patrón de España. Por @rebecacrespo_ https://t.co/HfmlV1F5tS",presidencia
"El passat juliol, amb 112 vots a favor i 20 en contra, vam aprovar una moció de @cupnacional per impulsar una energètica pública.Es evident (i urgent) que cal, quan abans millor, que es posi a caminar.https://t.co/ntW5Bx8LB3","accio climatica, alimentacio i agenda rural"
.@educaciocat posa en marxa #UsApps la web app de denúncia de les situacions de violència en els centres educatius #LesEscolesLliuresDeViolències https://t.co/bUbVXg6jyq https://t.co/c9HWaaa5NK,educacio
@cuquemar Don @AntonioGalleg0 ????,na
"""L’augment previst de 17 milions de passatgers significaria un augment del 33% de les emissions de diòxid de carboni. I estem en una situació en què ja hauríem de reduir cada any les emissions de CO2 un 7,5% a nivell global, segons l’ONU."" @niunpamdeterra https://t.co/FebhkxRkHj https://t.co/vddEhLIHrC","accio climatica, alimentacio i agenda rural"
"??[VÍDEO]@junqueras a @LaVanguardia:""Nuestro compromiso con la Amnistia es absoluto. No renunciamos a la Amnistia, ni la Democracia, ni a la defensa de los Derechos Humanos con los que nosotros siempre, indudablemente, hemos estado plenamente comprometidos"" https://t.co/FUUWdXvumN",interior
"“Dejadme las alas en su sitio, que os respondo que volaré bien”.Los fascistas asesinaron a Lorca hace 85 años por rojo y maricón. Le debemos memoria, justicia y reparación. Sus alas siguen siendo hoy ejemplo para hacer frente al fascismo y construir democracia.",drets socials
"La llei d'Internalització del Transport Sanitari que proposem permetrà:➡️ Prestar un servei de major qualitat➡️ Fiscalitzar correctament on van a parar els diners públics➡️ Equiparar i millorar les condicions laborals (sou, seguretat...) del personal??https://t.co/4QnYZXn4t1",empresa i treball
https://www.poblenouurbandistrict.com/es/two-market-en-la-oveja-negra/,independetismo
"Entrevista del 12 de diciembre de 2020. Ante la incredulidad de muchos y muchas, y la burla de la derecha política, @salvadorilla anunciaba que al final del verano el 70% de la población estaría vacunada. Hoy hemos llegado al 72%. @socialistes_cat https://t.co/ClNNKOjMDX",autopromocio
"""No entendemos que el Gobierno no declare zona catastrófica el Mar Menor, no es justo. Eso era la España multinivel"". El Gobierno de López Miras ha pedido al Gobierno que deje las discusiones para buscar soluciones y frenar ya la llegada de agua contaminada.??️ @cucagamarra","accio climatica, alimentacio i agenda rural"
Hem gaudit amb la Marta d'uns dies en família. Gràcies per tot. No pararem de treballar fins la llibertat de totes les persones exiliades i fins la llibertat del nostre país. T'estimem! https://t.co/9pgcUK4vBv,independetismo
"85 años de la masacre de Badajoz. 4000 personas fusiladas, pero el carnicero Yagüe sigue teniendo calles con su nombre y Pablo Casado sigue negando que hubiera un golpe franquista.https://t.co/PomZWiIWmZ",independetismo
"??️VOX se querella contra el 'Govern' por el fondo para las fianzas del Tribunal de Cuentas.@Igarrigavaz: ""Su objetivo es financiar las causas judiciales de los golpistas y utilizar el dinero público para blindar a los que promueven el odio y la división"". https://t.co/cof003PSuY",presidencia
"Avui fa 4 anys, la solidaritat va vèncer la por. Recordarem sempre el 17 d’agost per la força, la determinació i el ferm compromís per la pau del poble de Catalunya. Un sentit record per als que ens van deixar i una forta abraçada a les seves famílies. #17A",justicia
"Quin retrobament, quants llocs i quantes persones estimades! I per fi en llibertat, la mateixa llibertat que volem i que hem d’aconseguir per a tothom. https://t.co/Orrm55UozB",igualtat i feminismes
"Un anciano español de 77 años asaltado en su propia casa por un inmigrante ilegal con una motosierra en Ciudad Real.Una joven de 18 años secuestrada, torturada y violada por tres marroquíes en Formentera.Este es el resultado judiacial de ambos casos⬇️ https://t.co/aFfHmjSnTD",inmigracion
"Content d'haver-nos pogut retrobar, després de gairebé quatre anys, amb el president @KRLS Puigdemont, el conseller @toni_comin i @valtonyc. No defallirem fins que siguem tots lliures i en una Catalunya lliure. Estic convençut que ho aconseguirem! https://t.co/0s55uCQcU5",independetismo
100 milions d'euros d'ajudes públiques al Circuit de Catalunya entre el 2006 i el 2017 https://t.co/gSQWbbmDLT https://t.co/Gldz2iZHT2,economia i hisenda
"➡️ @JGarrigaDomenec: ""Rechazamos la invitación a la convocatoria previa a la comisión bilateral Generalitat-Estado, porque no existe un conflicto entre Cataluña y España, el conflicto es dentro de Cataluña"".""Somos el único grupo parlamentario que no piensa asistir"". https://t.co/WWgtsYsTR0",presidencia
"#TalDíaComoHoy arrancaban los Juegos Olímpicos de Barcelona 92.«Por y contra aquella Barcelona olímpica corrían los hijos de Jordi Pujol, Joaquim Forn, David Madí, Jordi Sánchez y otros nacionalistas»✒️ Por @JuanMilian https://t.co/TDUgxUSFIp",presidencia
"El segundo vuelo de repatriados ya está rumbo a Dubái.Esta mañana, sobre las 06:30 horas, ha despegado desde el aeropuerto de Kabul el avión A400M de las Fuerzas Armadas en el que España está evacuando a otro grupo de 110 personas de Afganistán.",inmigracion
"“Estamos viviendo una crisis medioambiental, la del Mar Menor, que solo se puede afrontar y solucionar desde una perspectiva de Estado”.?? @LopezMirasF en @EstadoDAlarmaTV https://t.co/WKzliG5ap2","accio climatica, alimentacio i agenda rural"
"Los más de 100 millones de muertos que causó el comunismo, divididos por países.Con la excepción de la dictadura camboyana, los responsables de estos genocidios han quedado impunes y en países democráticos aún se blanquea a ese movimiento totalitario:   https://t.co/JF8f9Q9s2w",presidencia
¡Buenos días! Empezamos la semana con entrevista a @alejandroTGN en @EconomiaED_ ??”Tenemos que construir un instrumento en torno al PP para derrotar al separatismo en las urnas”https://t.co/F6WKDnGkyF,presidencia
"‘Els límits del meu llenguatge són els límits del meu món’, Ludwig Wittgenstein,“Tractatus logico-philosophicus”. https://t.co/vFYyqX5gam",na
Los buenos datos no nos pueden llevar a abandonar la prudencia. El respeto a las medidas de higiene es fundamental: ???? Lavado de manos.???? Mascarillas.???? Ventilación frecuente.??️ @Pilar_Alegria en @DebatAlRojoVivo https://t.co/IEbbQId5dZ,salut
"Reducir a la mitad la actual huella ambiental no sólo es beneficioso para el planeta, sino que generaría la creación de 39 millones de empleos anuales.Lo bueno para el medio ambiente, es bueno para todos y todas. https://t.co/MXy02o7pT1","accio climatica, alimentacio i agenda rural"
"Los comunes darán ""la batalla a todos los niveles"" contra la ampliación de El Prat https://t.co/7awfCGGYxH vía @eldiarioes",interior
"Debemos actuar ya para poner fin al desastre ecológico en el Mar Menor.➡️ Creación de #MarMenorParqueRegional para dotar a la laguna de la máxima protección jurídica.➡️ Moratoria urbanística indefinida, frente a los pelotazos inmobiliarios.https://t.co/oFRqIoO8bh","accio climatica, alimentacio i agenda rural"
La campanya Desmilitaritzem l’Educació denuncia l’incompliment de la Moció 55/XI sobre la Desmilitarització de Catalunya cinc anys després de la seva aprovació #ImplementeuMocio55XI https://t.co/cpSNc1Pd5Y,interior
"??️ Comença l'entrevista al diputat de la @cupnacional, @carlesral.▶️ El directe: https://t.co/zVVk0txp0i https://t.co/C0InOzLVht https://t.co/Xx9vFfc6f5",presidencia
"En 3,2,1...escucharemos que los talibanes tratan a las mujeres así porque los occidentales compramos zapatillas fabricadas en Asia...",igualtat i feminismes
"No acceptarem un traspàs ‘fake’ de la gestió de beques: ha d’anar acompanyat de finançament i dels costos de gestió que ha assumit la Generalitat els darrers anys. Serem molt exigents, perquè ja sabem quina és la pràctica habitual del govern espanyol https://t.co/NtGWbxTWMj https://t.co/EGCRsTsHyx",interior
Escòcia avança en la producció d’energia eòlica i en l’articulació d’un sistema energètic que descarbonitza i alhora permet sobiranitzar-se. En el primer semestre ha produït suficient energia eòlica com per satisfer dues vegades la demanda de totes les llars del país. https://t.co/TWfxbfGf6o,"accio climatica, alimentacio i agenda rural"
Escòcia avança en la producció d’energia eòlica i en l’articulació d’un sistema energètic que descarbonitza i alhora permet sobiranitzar-se. En el primer semestre ha produït suficient energia eòlica com per satisfer dues vegades la demanda de totes les llars del país. https://t.co/TWfxbfGf6o,"accio climatica, alimentacio i agenda rural"
❗Tot el suport a les @Detingudes23S! Cal acabar amb la ❌ persecució judicial i política de l'Estat.Sempre al costat de la democràcia i la llibertat! ✊ https://t.co/ciMCnwASdk,drets socials
"Nuevamente algún cobarde trata de amedrentarnos. Nuestro apoyo al concejal de @populares d Sant Sadurní, @CarlesJimenezM cuyo despacho profesional ha sido atacado de esta manera. No van a callarnos a los q damos la cara en Cataluña y defendemos la libertad#populares#barcelona https://t.co/NIdhkIR4Tn",independetismo
▶ @DolorsMM: #DóndeEstáSánchez?? Exigimos su comparecencia https://t.co/U1S68jV2sY,interior
"La economía española recuperará en 2022 el nivel previo a la pandemia.  Con la aprobación del techo de gasto, ponemos en marcha el proceso para unos Presupuestos 2022 que sigan impulsando, junto al #PlanDeRecuperación????, un crecimiento más sólido, sostenible e inclusivo. https://t.co/yB6kWDdYIm",economia i hisenda
"Davant la catàstrofe d'Afganistan, em sorprenen aquestes rodes de premsa victorioses, tweets triomfants, discursos pomposos, i autofelicitació general per part dels governants occidentals.Un país enfonsat. I el discurs: ""que bons que som per evacuar un grapat de col·laboradors""",accio exterior i govern obert
"??️@salvadorilla:A Catalunya hi ha ganes de girar full després de deu anys que no han estat bons. ??Catalunya ha d’estar molt més present en els debats que ens afecten a totes i tots, per defensar aquest model d’una Espanya diversa.#PSC/❤️ https://t.co/KW7PYGqvfI",interior
??Què suposa l'ampliació de l'aeroport del Prat? Despropòsit ambiental i model econòmic precari. No és només la 3a pista! #MenysAvionsMésVida #NoAmpliacioAeroportElPrat #19S ?? 1/2 https://t.co/YuotvFYtRi,"accio climatica, alimentacio i agenda rural"
☕️ Buenos días y #FelizViernes a todos. Aquí os dejamos nuestra agenda para el día de hoy ??https://t.co/3quq6iOQY2 https://t.co/ZTWrO2gIpF,na
??Es un clamor popular #SOSMarMenor ??Hoy lo verá todo el país cuando #LaVuelta21 llegue a La Manga.??Necesitamos actuaciones urgentes como la creación del #MarMenorParqueRegional para salvar a nuestra laguna de nitratos y pelotazos urbanísticos.ℹ️https://t.co/j8xuogpdeq https://t.co/cRKFCFqU68,"accio climatica, alimentacio i agenda rural"
"‼?? Mensaje de @Santi_ABASCAL en el día de Santiago Apóstol, Patrón de España. “Hay motivos para la esperanza. El futuro es de los patriotas” ??????⬇⬇⬇ https://t.co/LK8xpe9Ke8",presidencia
"Desde el Gobierno, #Cumplimos2021.Por segunda vez consecutiva, los delegados y delegadas del Gobierno de ???? rinden cuentas de los compromisos cumplidos en el 1º semestre de 2021A pesar de la pandemia, desde el Gobierno avanzamos en nuestra hoja de ruta y cumplimos con las CCAA https://t.co/uLgqNa7dng",presidencia
"El cantant de rap i antifeixista italià @francescokento ha escrit una cançó contra la repressió i la censura a Espanya. Parla dels Borbons, Carrero Blanco, Catalunya... de tot allò que a @PabloHasel @valtonyc i tants altres ha provocat persecució judicial.https://t.co/akA3zS7h4L",drets socials
"Avui he visitat l’@harnaulleida i @afrucat, a Lleida.??Constatem una setmana més la necessitat urgent de tenir Govern a Catalunya.??Reclamo poder presentar la meva candidatura a la investidura per formar un govern d’esquerres que atengui les necessitats reals de Catalunya. https://t.co/1R272I6vo8",interior
La Mesa de la Asamblea de Ceuta no permite que mañana se debata durante el pleno revocar el nombramiento de Santiago Abascal como persona ‘non grata’.De nuevo el PP vota junto al PSOE contra el partido que más apoyo recibió de los ceutíes en las últimas elecciones generales. https://t.co/7OgVz0Pt6B,interior
"??Des d' Aitona, al Baix Segrià, donem suport al sector de la fruita dolça de les comarques de Lleida??????#LleidaImplicada?? https://t.co/IsW9p6AAI5",economia i hisenda
??Bon dia! A les 08.45 @mariadolorsa a @maticatradio No t'ho perdis! https://t.co/P6O11gWrxw,na
"Podemos va a seguir trabajando para que la democracia llegue a la Jefatura del Estado y por un horizonte republicano para España, como proyecto de profundización democrática, de modernización económica y de unidad en base al reconocimiento de nuestra plurinacionalidad.",presidencia
Mañana acompañarán al presidente @sanchezcastejon:?? @vonderleyen.?? @CharlesMichel.?? @JosepBorrellF. ???? será el corazón político y centro de los valores de ??????️ @jmalbares en @DebatAlRojoVivo #LaEspañaQueHacemos_ https://t.co/gpyNJVN33K,presidencia
Demà treballadores i treballadors dl @112 comencen una vaga indefinida.El Dep. d Treball els imposa serveis mínims del 85% pq són un servei essencial. Per aquest mateix motiu és imprescindible la seva internalització!Tot el suport a aquesta vaga! Per una gestió directa del 112! https://t.co/XIvCNMOBjU,empresa i treball
“Estamos reivindicando los mejores valores y principios de la UE: la unidad y la solidaridad. La unidad entre todos los Estados miembros y la solidaridad con aquellos que sufren y con los que tenemos un compromiso de protección de sus vidas y de su futuro”.?? @sanchezcastejon https://t.co/S3ZxbYGwvW,presidencia
"La memoria democrática significa capacidad de resiliencia.Igualdad, justicia, reparación, dignidad...¿Quién no puede compartir esos valores?Se trata de derechos humanos.Memoria es educación, es historia.Es el futuro de hablar de una sociedad más capaz. ??  @_JuanEspadas https://t.co/5QCcFQJ3hC",drets socials
Me pregunto a quién le puede parecer una buena idea usar la homofobia como estrategia comercial. Nuestra sociedad es diversa y tolerante. Ojalá aprendan a serlo también quienes tienen el poder para tomar las decisiones sobre lo que vemos y oímos en anuncios y programas de TV.,igualtat i feminismes
?? Quina tristesa i quina ràbia que el nom de #santacoloma s'hagi de relacionar amb la corrupció?? Quanta feina a fer queda perquè la política estigui al servei de la gent i no dels negocis https://t.co/LLbR7sjKp7,drets socials
"Creemos empleo derogando los impuestos de sucesiones, donaciones y patrimonio, bajando cotizaciones sociales, tarifa autónomos y fiscalidad al ahorro.Debatimos con el ex Gobernador del Banco de España Caruana, el ex Presidente de la Bolsa Pizarro y el ex secretario Estado Legaz https://t.co/Syry5LPy0s",empresa i treball
Un nou èxit del jutge Llarena.Moltes felicitats ⁦@ClaraPonsati⁩!! https://t.co/RhvIHre7xs,autopromocio
Avui el Consell de Ministres dóna llum verda a la seva primera llei de reforma de les pensions. Quan va sortir-ne l’esborrany ara fa us mesos vaig fer aquest fil explicant què hi ha darrere d’aquests canvis: van en la direcció contrària de repartir els treballs i la riquesa. https://t.co/bhb6P0n34e,interior
Hoy también hemos aprobado en #CMin medidas urgentes frente a la #violenciamachista. Para mejorar la detección precoz y el acompañamiento a las víctimas e implicar a la sociedad en la erradicación de la violencia contra las mujeres. Nos necesitamos todos y todas en esta lucha. https://t.co/YK1VCy4V1g,igualtat i feminismes
"Esto sería inimaginable en otro país: 1. El Gobierno, PSOE, financia una exposición que promueve la leyenda negra contra su Nación.2. El Ayuntamiento de la ciudad que se ve atacada, PP, le cede un espacio preferente.3. Uno de sus bancos, el @bancosantander, lo patrocina. https://t.co/kX0OUsFVyl",interior
"Todo el apoyo y cariño desde @igualdadgob para la familia de la mujer asesinada en la provincia de Sevilla. Seguimos en alerta machista. Necesitamos de toda la unidad institucional, feminista y del conjunto de la sociedad para salvar las vidas de las mujeres. #NosQueremosVivas https://t.co/amFPq8ynv7",igualtat i feminismes
Wolfgang Schomburg: “A Espanya algú va passar per alt que hi ha jutges independents a Alemanya” https://t.co/PWa8apE2oV,accio exterior i govern obert
Avui el Consell de Ministres dóna llum verda a la seva primera llei de reforma de les pensions. Quan va sortir-ne l’esborrany ara fa us mesos vaig fer aquest fil explicant què hi ha darrere d’aquests canvis: van en la direcció contrària de repartir els treballs i la riquesa. https://t.co/bhb6P0n34e,interior
"Com no podia ser de cap altra manera, el Tribunal General de la Unió Europea retorna la immunitat a @KRLS, @toni_comin i @ClaraPonsati. És una molt bona notícia per l'independentisme i la democràcia. Europa ens fa arribar la justícia. Seguim endavant. https://t.co/oCgafWoIJc",interior
"“Si no se usan las ayudas de forma adecuada, no podemos asegurar una segunda oportunidad”. ➡️ El gran desafío al que se enfrenta España es el desempleo juvenil, por lo que tiene que invertir en futuro.?? @ManfredWeber https://t.co/E2xKPOhNR2",empresa i treball
El Departament abandona el jovent i promou el creixement del negoci privat de la postobligatòria on estan desembarcant grans grups inversors internacionals veient l'oportunitat d negoci en la generació filla del baby boom sense prou oferta pública de formació postobligatòria.,empresa i treball
"Les organitzacions socials de drets humans de Catalunya demanem urgentment una auditoria sobre l'aplicació de la circular que regula el règim tancat a les presons catalanes a la vista de la producció de violències, morts i suïcidis ⁦⁦@La_Directa⁩  https://t.co/OlCoevx7xM",drets socials
"Quina és la xifra a la que està disposat a arribar el govern espanyol? El 2015 era —només— de 17.337 persones (via  reassentament i reubicació). Es va completar —només— l’11%. Per altra banda, de les sol·licituds d’asil resoltes durant el 2020, —només— van ser favorables el 5%. https://t.co/7hW0I3niEy",interior
"??️@jorfabrega sobre els Jocs Olímpics d'Hivern Pirineus-Barcelona 2030: “Hem d’aconseguir que siguin uns Jocs sostenibles i amb el consens del territori, que donin feina i millorin els serveis del Pirineu”. ?? Recupera l'entrevista a @Radio_Pirineus: https://t.co/xZ8yGbFrJ1 https://t.co/uOojGq1YG0",cultura
No tenir papers ja no significarà estar a la intempèrie a Sant Cugat. Un pas molt important en la garantia de drets. #SantcugatCiutatdeDrets https://t.co/mszIqUlQGf,drets socials
Impulsamos una ley que nos dice quiénes somos y quiénes queremos ser.⮕ Ser humanitarios con las familias que sufrieron en sus carnes la represalia franquista. ⮕ Reparar moralmente a las víctimas y fomentar valores democráticos. #PorMemoriaDemocrática ✊ ?? Félix Bolaños https://t.co/1upLI3aLSJ,justicia
"??️ @ManuelAcosta69: ""Rechazamos cualquier plan educativo en las aulas que tenga como objeto ideologizar y adoctrinar a los menores y que se financie con recursos públicos"".✅ El Pin Parental es lo único que aleja a los corruptores de menores de los colegios. https://t.co/El6POLaFMj",educacio
"??Tot i els esforços de @bomberscat tota la nit, l'#IFLlançà continua inestable i obert. Amb esperança que l'ajuda dels mitjans aeris porti bones notícies.Aquest estiu sec i calorós, cuidem el medi natural i els Bombers. Una abraçada molt forta a tota la gent de  l'Alt Empordà. https://t.co/IFOjRsLaAP","accio climatica, alimentacio i agenda rural"
"Aquest vídeo és l’abraçada pendent durant 12 anys. La família ens ha demanat que el publiquem, que seguim explicant la seva història, que és la mateixa que la de moltíssimes persones arreu del món: https://t.co/47P2qqOax5",NA
Una societat democràtica basa els seus principis en el respecte als Drets Humans i a les convencions internacionals. Espanya fa massa temps que ha perdut aquesta centralitat. Demanem que s'aturin les repatriacions il·legals de menors.https://t.co/CI1hwxdRbN,drets socials
"Comença a caminar una nova Generalitat. Amb el compromís inequívoc de fer més fàcil, amable i feliç la vida de la ciutadania. Personalment, ho donaré tot per fer possible la Catalunya pròspera, justa, verda, feminista i lliure que volem per als nostres fills i filles. https://t.co/nLjiL6SkwL",independetismo
"Després de gairebé 4 anys de presó, és un plaer retrobar-me amb la gent de les Terres de l’Ebre i passejar pels seus carrers. Visitar-vos sempre ens ajuda a ser més i més forts. Gràcies per la rebuda! https://t.co/v5WNSrPmCO",interior
"Gracias a Luis de Guindos por inaugurar un año más nuestro curso de verano.El BCE mantiene la respiración asistida pues los fondos UE no compensan el boquete económico si no creamos empleo, bajando impuestos y burocracia con más flexibilidad y competitividad.Hay alternativa???? https://t.co/0ICpivRVc1",empresa i treball
??Comunicat de Junts per Catalunya sobre la devolució dels menors des de Ceuta. ?? Llegeix el comunicat al nostre web: https://t.co/ySwvGZKRFM https://t.co/DcWSFj0sco,justicia
El Gobierno de la Generalitat quiere que Aena pague la ampliación del aeropuerto de El Prat y luego les regale la gestión. No saben gestionar ayudas a los autónomos y pretenden gestionar un aeropuerto internacional. https://t.co/sIzJtjJjM3,drets socials
"""Hay componentes de la factura de la luz que no son costes energéticos. Por lo tanto, hay una parte de la factura que sí depende del Gobierno"".??Proponemos bajar impuestos y eliminar los costes no energéticos.??El PSOE no tiene ningún plan. ??️ @JavierMaroto en @MasDeUno",interior
?? Empresa i Treball fa el pagament de 60.867.700 euros corresponents a l'ajut per a persones en ERTO i fixes discontinues https://t.co/cnbxT1yLZH,empresa i treball
Preocupada per les notícies que arriben des d'Alemanya. Tot el meu escalf a les persones afectades. Cada vegada són més evidents les conseqüències del canvi climàtic ?? L'únic futur possible és verd i té forma de transició ecològica ?? https://t.co/sV0tn7mWip,"accio climatica, alimentacio i agenda rural"
Teníamos razón. Tenemos razón. https://t.co/wIxe6luLf8,NA
"Les inversions d’AENA que ara ens prometen no són un regal, són una obligació. https://t.co/HcmPU1Id3W",empresa i treball
@MazelLilith Amén.-,NA
"Este #4M los madrileños y las madrileñas podéis romper el círculo vicioso.¡Con vuestro voto, paráis la crispación! ??️El futuro de Madrid pasa por @equipoGabilondo ?? Madrid, ¡Es hora de dar paso a quien quiere gobernar EN SERIO! ⚡?? @salvadorilla  #PalabraDePresidente https://t.co/6hwacoQihs",presidencia
"Venim de lluny per anar més lluny encara. Cada comarca i ciutat de Catalunya té referents en defensa de la llibertat que encadenen un llegat de compromís polític amb el país de generació en generació; com a Tarragona, en Josep Sendra i Navarro a qui avui hem acomiadat. DEP https://t.co/3Gyq4QMcXE",interior
"⚫ Este #17agosto en que se cumplen 4 años de los atentados yihadistas de Barcelona y Cambrils, nuestra portavoz del @PPE_ES, @DolorsMM, los vicesecretarios del PPC @imartinsalva y @oramirezlara y el presidente de @pp_bcn, @josebouvila, rinden homenaje a las víctimas. https://t.co/YADnBv7tR4",justicia
"El Secretari de Política Lingüística, @VilaFx, ha explicat a la @UCE_CAT els àmbits en què està treballant la Direcció General de @llenguacatalana per fomentar el català en l’audiovisual: https://t.co/FgAUcsMMhM",educacio
"La última ""innovación empresarial"" de Glovo es una subasta a la baja que juega con la desesperación de la gente para obtener más beneficios. Este es el modelo laboral que apoya el PP: la guerra del penúltimo contra el último. https://t.co/CNbPdBd9Tn",empresa i treball
"?? @sergio_macian: ""Esto se suma no sólo al adoctrinamiento en las aulas sino también al de los libros de texto, que es absolutamente evidente en Cataluña"" https://t.co/0DjYeTKorR",educacio
"Orgullosos de un equipo que se hizo familia, y que demostró al mundo valores como el compañerismo, la humildad y el sacrificio. Gracias por tantos momentos eternos. GRACIAS #LaFamilia #GraciasPau #GraciasMarchttps://t.co/s0R2oleNvd",cultura
Los incendios han vuelto a golpearnos duramente un verano más. Toca ayudar a quienes han sufrido los efectos de esta y otras catástrofes naturales y eso es lo que va a hacer el Gobierno: habilitamos las ayudas necesarias para asegurar a los afectados una recuperación justa. #CMin https://t.co/JbYJheXFkf,"accio climatica, alimentacio i agenda rural"
"Esta última semana hemos visto que existen dos realidades paralelas: la de los hechos y la que el PP nos cuenta. Como una imagen vale más que mil palabras, os hacemos un repaso visual de la semana vivida por el Partido Popular.¡Dentro ??!??",interior
"Nuestro apoyo y gratitud a ti @sanchezcastejon 

?? A tu gobierno.
?? A tu liderazgo.

España ha mostrado su humanidad y su gran sentido de la solidaridad.  

España es un ejemplo de lo que es el alma de Europa en su mejor expresión.

??️ @eucopresident
??️ @vonderleyen https://t.co/nvdyN5KRCt",presidencia
"Muy fan de @apeleteirob.

Orgullosas de que nos representéis y orgullosas del país que somos???? https://t.co/s3PvGxEycc",presidencia
"España ofrece al alto representante de la UE @JosepBorrellF acoger temporalmente a los afganos que han trabajado para la Unión Europea, antes de su reparto entre los estados miembros.

Esta es la declaración aprobada en el Consejo de Asuntos Exteriores??
https://t.co/1dFzE6H77G",inmigracion
"El affaire Messi revela hasta qué punto la mayoría de la sociedad catalana vive en la neurosis, el infantilismo y la paranoia.
La Argentina del sur de Europa, con su nacionalismo que todo lo tapa, sus políticos demagógicos y corruptos, y sus ídolos futboleros.",drets socials
"??""@miqueliceta ha sigut primer secretari en una etapa molt difícil i ha deixat un partit més cohesionat i fort.

??Ara toca un relleu natural, @salvadorilla"".

??Entrevista a @aliciarll a @elperiodico_cat.

#PSC/❤

https://t.co/jIWbB2cjJJ",interior
"?? @Mireia_veca, diputada de la @cupnacional : ""Per nosaltres l'aeroport del Prat és una línia vermella"" https://t.co/2m8u1R3ulv",interior
"?? Lo llevamos advirtiendo mucho tiempo. El año pasado cuando Sánchez también se fue a la Mareta, agosto terminó con 4.000 llegadas en patera a #Canarias

Este año ya son 8.000 y de nuevo no ha puesto ninguna solución para frenarlo.

¿Se pueden tener tan pocos escrúpulos? https://t.co/FdJ7Ptx7tA",interior
"En este aniversario del asesinato de Lorca, no olvidamos su muerte pero celebramos su vida.

Su ejemplo y sus palabras:
????????
????????????????
??????????????????

Nos enseñó que el compromiso social no está reñido con la libertad personal sino que es su inicio.

?? @Adrilastra https://t.co/MSNPTZj4bj",justicia
"???? Cuatro menas roban y agreden con cuchillos y botellas rotas a un adolescente, menor de edad, y a su primo, de 25 años. Los cuatro menas tenían antecedentes, todos ellos con varias reseñas por robo con violencia e intimidación y por robo con fuerza.

https://t.co/Pmfnp1T5B5",justicia
"El PSC decidirá en septiembre la fecha en la que Illa relevará a Iceta al frente del partido, Daniel G. Sastre @dgsastre @elperiodico https://t.co/RocNRZCUSz",interior
"""La oposición debe apoyar al Gobierno en situaciones complejas, pero para eso es importante saber qué es lo que ha hecho y qué es lo que falta por hacer. Podremos criticar y aportar medidas. Apoyar un plan requiere de conocerlo"".

??️ @JavierMaroto en @MasDeUno",interior
"Isto é o que fai Feijóo co teu deiñeiro ?? crear chiringuitos. Estilo PP 100%.

?? https://t.co/EltmoWYDMF https://t.co/RzAhMoF7K1",na
@salvaverges @parlamentcat ??,na
"Gràcies a veïns, veïnes, entitats, associacions i alcaldesses que ho heu fet possible ?? 

Serà un plaer celebrar aquesta victòria amb vosaltres el proper ??15 de juliol a les ⏰19h??a la Plaça de les Roses. 

Us hi esperem! https://t.co/MAa4aNPkJH",interior
"Hoy en el #CMin damos un paso fundamental para derogar la reforma del PP que ponía en peligro las pensiones.

Blindamos su revalorización al IPC y eliminamos el factor de sostenibilidad que realmente las empobrecía.

Gracias a los y las pensionistas por luchar por sus derechos.",contracampaña
"El suicidio es la primera causa externa de muerte en los jóvenes españoles. La salud mental tiene que ser una prioridad.

Más psicólogos y psiquiatras en la pública y más prevención. Unidas Podemos lleva años empujando para que la #LeySaludMental sea una realidad en nuestro país.",salut
"La subida del SMI de 2019 redujo la desigualdad y la pobreza, y nos acerca más al cumplimiento de nuestra Constitución.

Los que se opusieron a esta subida cada vez tienen menos razones para criticarlo y el Gobierno de coalición más para seguir subiéndolo. https://t.co/9eRMW3PA95",autopromocio
"85 años después Lorca está en una cuneta y su asesino, Queipo de Llano, enterrado con honores.

Falta mucho camino por recorrer para que en España exista verdad, justicia y reparación con las víctimas del franquismo.",justicia
"❌ Sánchez ha pactado con Bildu, ha indultado a los presos independentistas, ha subido los impuestos a las clases medias y trabajadoras, ha hecho una gestión pésima de la pandemia y pactó con Iglesias un Gobierno radical.

?? La mentira como forma de Gobierno.

#SánchezNoCumple https://t.co/hOPHpNlm7M",contracampaña
"#VamosEspaña ????

Joan Cardona se cuelga el bronce en vela en los juegos de #Tokyo2020 en una remontada impresionante en los últimos metros a meta.

¡Felicidades, @JCardonaPodium, por esta medalla ??!
#ElCorazónDeEspaña https://t.co/NAiBFL6hBD",cultura
"Acaban de detener en Granada a mi compañero Néstor Salvador cuando terminaba un homenaje a la Huelga del 70 de la Construcción. Aquí nos siguen deteniendo por defender derechos mientras Miserables corruptos como los de la Monarquía siguen en total impunidad. 
LIBERTAD YA!! https://t.co/eLU04ZwnQ6",drets socials
"?? En aquest context de #CrisiClimàtica es pot plantejar l'ampliació de l'aeroport del Prat? NO! 

✅ El 19 de setembre tothom al carrer pel clima, la salut i la vida!  #MenysAvionsMésVida https://t.co/ElferB2OnZ","accio climatica, alimentacio i agenda rural"
"??️ A partir de las 14:15h, @pablocasado_ atiende a los medios de comunicación en su visita al Centro de Alojamiento de Inmigrantes de La Frontera. 

?? Puedes seguirlo a través de nuestras redes sociales y en https://t.co/tx7WSWYHvg. https://t.co/w3EVKMpIpj",accio exterior i govern obert
Todo mi apoyo y solidaridad para el agente de la Guardia Civil herido en Ceuta. Para él y para todos los agentes que trabajan sin medios suficientes y olvidados por el Gobierno de Sánchez. https://t.co/V56wU3T18k,
"Como siempre, os esperamos a todos los catalanes con los brazos abiertos, y más aún en este #Xacobeo. 

  ¡Gracias, Alejandro! https://t.co/eOLDdLpS9s",critica
"??  Demà podràs trobar a @junqueras, @raulromeva, @ForcadellCarme, @dolorsbassac, @BassaMontse i @JnnDiaz signant ??️?? llibres en diferents punts del país! Vine! ?? 

❗️Aquest estiu ☀️ no et perdis aquests 5⃣ llibres republicans! #Llibrestiu https://t.co/7jZK22b7fn",na
"El acuerdo logrado esta semana en torno a las pensiones en el #CMin tiene 3 elementos esenciales:

?? Reconstrucción del consenso social.
?? Revalorización de las pensiones.
?? Clarificación de las fuentes de financiación de la Seguridad Social.

??️ @sanchezcastejon https://t.co/x5xoFkDCrO",empresa i treball
"?? La CUP-NCG envia una carta al Govern rebutjant la invitació a la reunió prèvia a la Comissió Bilateral Generalitat-Estat 

""No només rebutgem formar part de l’espai, sinó que convidem al govern a replantejar la seva posició en la forma de participar-hi"" https://t.co/ZWLPeD441k",interior
"?? @Igarrigavaz: “A todos aquellos que tengan la voluntad de subvertir el orden constitucional les doy un consejo: vayan haciendo las maletas, cojan buenos libros porque acabarán todos en prisión, que es donde no deberían haber salido algunos”.
#SoloquedaVOX #Los11deVOX https://t.co/Z5vtTJ12eL",autopromocio
??️ @lciuro al @maticatradio sobre la taula de diàleg: “la part catalana té molt clar el que anirem a negociar: amnistia i autodeterminació. Cal posar l’accent en saber quina oferta té la part espanyola per Catalunya”. https://t.co/ymQiQWMizL,independetismo
"Los independentistas tienen a Sánchez agarrado por la solapa y permitirá un referéndum para seguir en el poder.

Tras los indultos inician un 2º procés como se vio anteayer en Waterloo.

Y pretenden que los españoles paguen la ronda de los secesionistas con un fondo de reptiles. https://t.co/BgKy4Cxqhd",independetismo
"On governem fa anys que apostem per les renovables #RenovablesSí però planificant i de manera coherent 
https://t.co/SZ6Kpdqypx","accio climatica, alimentacio i agenda rural"
"?? ""No conozco a ninguna mujer cuya aspiración vital sea ser mujer cuota""

??️ @tonilopez_Vox sobre feminizar el cuerpo de bomberos. https://t.co/SullUCWXIT",Igualtat i Feminismes
El vot particular de 2 magistrats del TC en el recurs d @jorditurull és demolidor. Hi ha moltes possibilitats que sigui el preludi d’una revocació de la condemna per part del TEDH. En aquestes circumstàncies mantenir-lo a presó (a ell i a tots els altres presos) és acarnissament.,interior
"VOX denuncia ante Fiscalía al grupo separatista Acció Per La Independència por su ataque a la cripta de Montserrat.

Por delitos contra los sentimientos religiosos, ultraje a la bandera, odio y daños al patrimonio en el ataque contra la Cripta de los Tercios de Requetés.",interior
"Que no sea solo el fuego el que nos haga acordarnos de esa España que ahora lo sufre.
Nunca más una España olvidada. Necesitamos un gobierno que trabaje para todas las provincias y para el campo.
Mi abrazo a agricultores y ganaderos de Ávila. Fuerza a los que combaten las llamas. https://t.co/bEXYGGPJ4r",justicia
"Quin dolor i quina tristesa...
Aquests crims terribles tenen víctimes, culpables i responsables.
Continuarem avançant per viure en llibertat la societat diversa i plural que som, a pesar d'ells, contra ells 

#JusticiaParaSamuel https://t.co/ra5eoYYEYQ",justicia
"El Gobierno ha adoptado medidas importantes para frenar los precios de la electricidad: reducción del IVA, regulación de beneficios caídos del cielo y creación del Fondo de Sostenibilidad del Sistema Eléctrico. 
Pero es evidente que urge una reforma más profunda, en esta línea??","accio climatica, alimentacio i agenda rural"
"¿Conflicto de competencias? Abrimos hilo??

1/7 Con el Mar Menor estamos viendo cómo las distintas administraciones se echan la culpa escudándose en un conflicto de competencias sobre el Mar Menor. Desde Unidas Podemos tenemos la solución: crear el #ParqueRegional del Mar Menor⬇️ https://t.co/byo93ah6Ql","accio climatica, alimentacio i agenda rural"
"?? Catalunya amplia els sectors beneficiaris a 191 sectors, els quals aglutinen 189.861 empreses.

S'afegeixen així 96 activitats al llistat, respecte les 95 que incorpora el reial decret llei 5/2021, que hagin tingut una caiguda acreditada de facturació igual o superior al 25%.",interior
"Els indults són gratificants personalment, però la repressió continua i no oblidem que hi ha companys i companyes que no són a casa. https://t.co/wTyDkV0nNE",justicia
Najat sempre i a tot arreu amb tu. La ignorància és molt atrevida. https://t.co/TrR8AnwTkD,critica
"Atacan la cultura española, atacan nuestras tradiciones. Atacan el modo de vida del mundo rural. Nosotros no permitiremos el avance del animalismo desquiciado y defenderemos la #libertad #toros #CangasdeOnis #Asturias https://t.co/mMQD3FDRTJ",drets socials
"??La portaveu, @aliciarll, es reuneix amb @Rosanchezgrau, consellera d’Hisenda i Relacions Exteriors del Govern de les Illes Balears. 
@HisendaGOIB

#PSC/❤️ https://t.co/YvkcGSrVC0",interior
"@fanes_michel Moltíssimes gràcies, Michel, per la teva confiança! ??",na
"Afortunadamente para la Humanidad, a Einstein e  Isaac Newton nadie les obligó a introducir la ""perspectiva de género"" cuando alumbraron sus Teorías...",igualtat i feminismes
"Julia, Ana, Carmen, Pilar, Dionisia, Victoria, Blanca, Adelina, Martina 
Elena, Virtudes, Luisa i Joaquina.

Les #TreceRosas ??

No oblidem. https://t.co/TtNqmIRbj0",justicia
"El viaje a EEUU de Sánchez abochorna a España. 
Biden le vuelve a dejar plantado cuando acaba de recibir a Merkel y al presidente de Ucrania en unos días.

Del ridículo de los 29 segundos de pasillo a entrevistas para atacar al PP y al embargo a Cuba.
No se puede caer más bajo. https://t.co/WpDrWTPW9Z",critica
Força Josep! Per més que ho intentin no se'n sortiran. Serà just el contrari. https://t.co/0oMoVSkgLp,na
"https://t.co/buHwLnzocV

En Cataluña está todo pervertido tras 40 años de control de la mafia separatista.

El Consejo de Garantías  Estatutarias acaba de avalar la malversación y la prevaricación.

Recuperaremos Cataluña y sus instrucciones.

Y los delincuentes pagarán por ello.",critica
"""Haeretici frexentur templa, boni nihil fecerunt contra; ergo debent omnes patibulari"".
Aquest lema del ""Tribunal de Tumultos"" continua inspirant els fanàtics successors del Duque de Alba en la seva relació amb Catalunya. El 155 també era això, i porta la firma de Pedro Sánchez.",interior
Avui som a Tous amb @mariadolorsa coneixent de prop les afectacions de #IFSantaColomaQueralt https://t.co/oTHrLIRQlQ,na
"Les imatges del #IFSantaColomaQueralt encongeixen el cor. Quina tristor veure el país en flames.

Molta força i ànims a totes les persones afectades i als equips d'emergències que esteu treballant a la zona. Avui totes estem amb vosaltres.","accio climatica, alimentacio i agenda rural"
"@Ormellix Tota una William Wallace estàs feta,  digues que sí. Igualeta",na
"????@salvadorilla:

??Como socialistas siempre hemos defendido la Sanidad pública, la Educación pública, las pensiones públicas.

PÚBLICO, porque es de TODOS y de TODAS.
Esta es nuestra BANDERA. https://t.co/aLYLNTuvC2",interior
"Posem en marxa la ponència per a la proposició de llei sobre mesures urgents per fer front a l’emergència habitacional.

Parlarem alt i clar:

➡️en defensa de la propietat privada

➡️ i la col.laboració amb el sector privat

➡️ el fracàs de mesures intervencionistes https://t.co/xAyV8ntUsw",economia i hisenda
"La única posibilidad de que baje el precio de la luz es construyendo una empresa pública de energía que combata el control de precios del oligopolio eléctrico. 

https://t.co/dviCkc4Bj3",economia i hisenda
"Cuando estaban en la oposición decían que la luz subía por culpa del PP y ahora que gobiernan señalan a la UE.

Vuelven a recurrir al comodín de Europa. Ya lo hicieron inventándose que Bruselas les pedía reformar el delito de sedición y les impedía bajar el IVA de las mascarillas https://t.co/gKM9UhTNyt",critica
Un @govern @JosepGCambray que no planifica adequadament els recursos educatius provoca que avui més de 20.000 alumnes estiguin sense plaça en la FP pública. Cal crear ja aquestes places públiques. L’educació és un dret irrenunciable i inajornable.@cupeducacio,educacio
"#Los52deVOX no nos rendiremos, somos la única oposición.

No dejaremos de proteger a los españoles frente al peor Gobierno en 80 años ?????? https://t.co/78mYsE0wry",interior
"En el Maresme (Masnou) hablando con los vecinos preocupados por la inseguridad creciente: robos, peleas con armas blancas y un asesinato reciente a manos de menores ex tutelados.

El buenismo progre y el separatismo silencian la realidad que ellos han provocado. https://t.co/nt5NhRfJFn",interior
"L'Estat espanyol excarcerarà uns #presospolítics que no haurien d'haver passat ni un dia a la presó abans que li ordeni la justícia europea, però ho farà tres anys i mig tard. Que ningú intenti vendre que amb els indults se soluciona el problema polític ?? https://t.co/AqTx3AKjbQ https://t.co/oLRfRN2460",justicia
"Intervendré tras la comparecencia de Aragonés sobre los indultos y la malversación de fondos públicos.

Lo dejaré claro: recurriremos el decreto ley que pretende avalar la fianza y presentaremos querella por malversación de caudales públicos.

¡Recuperemos Cataluña! https://t.co/u8nmFYH7U5",economia i hisenda
"❌ El #Govern condemna l'homicidi d'un infant en un presumpte cas de violència vicària. La #consellera d'@igualtatcat, @taniaverge, ha participat al minut de silenci de rebuig a la plaça Sant Jaume de #Barcelona

Treballem per un país lliure de #violències
☎️ 900 900 120 https://t.co/tHLPehog9u",justicia
"??️@el_pais recoge la historia de Laura (nombre ficticio), víctima de violencia machista, y su perra Buddy. 

Con @VioPet112 Laura pudo huir sin dejar a su animal de compañía en manos de su agresor.

Si sufres una situación similar, llama al ??673 765 330.
https://t.co/KagZEWJ7Pl",igualtat i feminismes
"✅ ""A totes les ciutats del món on s’han posat les urnes per a decidir si es feien jocs olímpics o no, ha sortit que NO. Calgary, al Canadà; a Sió, Suïssa; a Innsbruck, Àustria. Territoris amb molta més neu que al Pirineu i economies més desenvolupades han votat que no als jocs.""",cultura
"Mi más enérgica repulsa al señalamiento público al que VOX pretende someter a RBA y a @eljueves. 
Ricardo, mi más sincero apoyo y mi firme compromiso con la libertad de expresión.",interior
"?? @SofCastanon: ""Fijar el precio de la nuclear y establecer un precio máximo para las hidroeléctricas forma parte de la estrategia de ponerle coto a los beneficios caídos del cielo de las eléctricas. No nos podemos permitir que la ciudadanía no pueda pagar la luz"". https://t.co/48TL7hEp87",economia i hisenda
"Un condol extensiu també a la família, amics i companys de l’Emma Roca, pionera del cos de @bomberscat i de l’esport de muntanya a Catalunya https://t.co/1rwI5v8la7",interior
La Conferència de Presidents d'avui era una gran oportunitat per teixir aliances i aconseguir més recursos per Catalunya. És un error del President Aragonès que ens passarà factura a tots els catalans i catalanes,presidencia
"Seguimos insistiendo en que el Gobierno dé explicaciones y solucione el caos generado en la adjudicación de plazas MIR.

Hoy, tras una pregunta del @ppegrupo, Bruselas nos da la razón: https://t.co/5QgKo7w62E",presidencia
"??@mijoler: 
""Hi ha alternativa, però ni s'ha debatut
És la imposició d'AENA i els lobbies i són 1.700 M € de diners públics que haurien d'anar al corredor mediterrani, a millorar l'aeroport, a interconnexions ferroviàries""

a l'@AquiCuni ?? https://t.co/Baqil139Qw https://t.co/VpVXtxW7YR",interior
"La @DiputacioLleida assumeix el deute de #pobresaenergetica que correspondria sufragar als municipis de Lleida, Alt Pirineu i Aran. Aportem tranquilitat a les famílies i als municipis, l’administració més propera i la primera que s’obliga a garantir els subministraments vitals. https://t.co/DuecO7FvkZ https://t.co/FOf6S1JAzK",interior
"No és justícia, és venjança. La sentència diu que no hi ha proves concloents, però cinc anys de presó. Causa general contra l'independentisme. I, en aquest cas, atiada per normatives que fa temps que diem que s'han de canviar. https://t.co/8mkwa5o9VX",drets socials
"Que no sea solo el fuego el que nos haga acordarnos de esa España que ahora lo sufre.
Nunca más una España olvidada. Necesitamos un gobierno que trabaje para todas las provincias y para el campo.
Mi abrazo a agricultores y ganaderos de Ávila. Fuerza a los que combaten las llamas. https://t.co/bEXYGGPJ4r","accio climatica, alimentacio i agenda rural"
"Todo nuestro apoyo a los equipos de emergencias que luchan contra el fuego en estos días de ola de calor y sequía.

Ante el grave riesgo de incendios pedimos máxima precaución y responsabilidad para proteger nuestro entorno natural.

Nos jugamos demasiado. https://t.co/yvxOMPL1XA","accio climatica, alimentacio i agenda rural"
"Ya en @technology, con @emilychangtv. El potencial tecnológico de España y las medidas que estamos impulsando desde el Gobierno para maximizar las ventajas de la transición digital son algunos de los temas de los que hablaremos.

https://t.co/FFDz7DorB2",Recerca i Universitats
"Cinisme: PSOE i PODEMOS aproven d’amagatotis, en ple mes d’agost, sense transparència i sense consens, una línia elèctrica de 181km.

Trinxen tot el territori amb un projecte que no aportarà cap nova inversió i que no rebaixarà el preu de la llum.

El sud de Catalunya diem #PROU! https://t.co/j22vqYOwlB",interior
"Gano él, ellos no. 85 años después de su asesinato Federico García Lorca sigue en nuestra memoria. 85 años de profunda vergüenza sin conocer el paradero de sus restos mortales. ¡Memoria, justicia y reparación! Por él y por todas las víctimas del franquismo. https://t.co/tEWLpQbcU6",justicia
"Hace 85 años el gobierno socialista asesinó al líder de la oposición, José Calvo Sotelo.

Hoy promulgan leyes para ocultar ese crimen.

Desde VOX recordamos a todos los que, desde cualquier bando, quisieron una España mejor.",autopromocio
"Vecinos de Almería denuncian que inmigrantes magrebíes se cuelan en sus urbanizaciones y que están atemorizados.

Pero a Juanma Moreno le preocupa más su globalista ""Estrategia Andaluza para la Inmigración"" que proteger a los andaluces de la inseguridad.

https://t.co/RprG6Cpnon",inmigracion
"El presidente del Gobierno se ha reunido en #PaloAlto con los CEOs de HP, Intel, Qualcomm, PayPal, LinkedIn y Levi's.

Objetivo➡️presentar las oportunidades de negocio que ofrece España, en el marco del #PlandeRecuperación, con énfasis en el impulso a la transformación digital. https://t.co/TBgfvygf2I",economia i hisenda
Esquerra Republicana condemna la presa de poder dels talibans a l'Afganistan i insta la UE a acollir-ne les persones refugiades https://t.co/x1yBgoiI2y,accio exterior i govern obert
"Decimos adiós a una leyenda de la batería.

Como decías, ""No quiero dejar de tocar. Temo dejarlo y hacerme viejo. Estoy seguro que siempre tocaremos una vez a la semana en Bognor Regis o donde sea"".
- ??ℎ?????????? ??????????-

Tu batería siempre seguirá marcando el ritmo. https://t.co/QizLpFjG41",cultura
"L'Innolab i la Incubadora TIC són dos dels serveis que posicionen el Parc Tecnològic i d'Innovació del #Tecnoparc de @reus_cat com un pol d'atracció d'empreses tecnològiques, pioneres i innovadores. 

Avui ho explico al @diaridtarragona: https://t.co/0mPmWlL13F",Recerca i Universitats
"Cataluña registra los peores datos de pobreza en diez años.

Esta es la realidad que el separatismo y la izquierda oculta.

Los delirios ideológicos y su agenda rupturista ha condenado a miles de familias.

¡Más política social y menos tertulianos! https://t.co/6N9YdxWrzs",economia i hisenda
"Ara mateix al Parlament denunciem la #LGTBIfobia que continua també a territoris com les Terres de l’Ebre, cal una Catalunya on tothom puga estimar com vulga arreu del país ??️‍?? https://t.co/Uczqw79VYt",igualtat i feminismes
"Avui és el #DiaMundialdelTeatre!??

El teatre és cultura i és vida. Ara, més que mai, potenciem-lo.

#PSC/❤️ https://t.co/h3Jzli9nRR",cultura
"En Andalucía y en Madrid… 

El PP pactando con la izquierda contra sus propios electores. 

Paguitas a los menas hasta los 25 años en Andalucía y Madrid Central en la capital de España. https://t.co/YIo4S89uhS https://t.co/J5s82ZKOaC",critica
"Una reflexión de fondo en @publico_es, con @alexisrmoran y @JDSato, sobre el enorme reto de construír un proyecto de país para la próxima década con la seña de identidad de servicios públicos de calidad, con trabajos dignos y una sociedad en igualdad. 

?? https://t.co/n0l3FzrwI0 https://t.co/ZgMRotDVq7",interior
"Hoy, junto a @EnriqueSantiago, me he reunido con el secretario general de @CCOO, @UnaiSordo, y la secretaria de Internacional CCOO, @CrisFaciaben.

CCOO es un aliado para alcanzar el empleo decente y la transformación del modelo productivo en España.

Gracias por vuestro trabajo. https://t.co/l7yO8pV7a4",empresa i treball
"Isaac Viciosa:“Me habría gustado que el récord lo batiera alguien con apellidos castellanos""

No son palabras desafortunadas, es racismo. 
Katir es un compatriota y vecino de Mula. Y mil veces más orgullosos de los éxitos de Katir que de los de un racista.
https://t.co/OO2DPl4t0H",igualtat i feminismes
"Hemos cumplido el 32,8% de los 1.463 compromisos adquiridos.
 
?? Previsión del 38,2% para el próximo semestre.
 
#LaEspañaQueHacemos_ ?? https://t.co/qytpG94CM7",autopromocio
"?? Gobernar por y para la gente.
?? Gobernar desde la izquierda.
?? Gobernar sin odio.
?? Gobernar con progresismo.
 
#EspañaSinOdio https://t.co/U0S8PA6k5A",interior
"A orillas de la gola de #Marchamalo, convertida en un cementerio de peces muertos hemos exigido la reactivación inmediata de la @asambleamurcia.

Los diputados de la Asamblea no pueden seguir de vacaciones mientras el Mar Menor se muere.

#SOSMarMenor

https://t.co/R7R50JIP0L","accio climatica, alimentacio i agenda rural"
"Europa, y Occidente en general, debe asumir que su forma de vida puede ser derrotada militar, demográfica y comercialmente, a no ser que empecemos a defenderla, en vez de a degradarla como hasta ahora con la imposición simultánea del relativismo y del multiculturalismo.",igualtat i feminismes
@MiquelCat2 @vox_barcelona @Igarrigavaz Sí.,na
"Me quedo con esta frase: ""Lo que más me preocupa: que no salgamos de la crisis más desiguales aún de lo que hemos entrado.

SMI, reforma laboral, fiscalidad justa... Mucho trabajo hecho, mucho por avanzar

Se debe leer esta entrevista a @Yolanda_Diaz_ 

??https://t.co/ToT9HSxwwk https://t.co/Csq1dCfHGn",economia i hisenda
"Quieren ocultar la realidad con el comodín del género.

Pero la realidad de nuestros barrios es tozuda: tasas insoportables de delincuencia, violencia e inmigración ilegal.

Más policía, más expulsiones y menos majaderías progres con el dinero de todos.

https://t.co/0XKvt4hNYv",interior
"Europa 3 - Una democracia plena 0
 https://t.co/qyGWiC9JvV",na
"??️ Separatistas, ‘comunes’ y PSC rechazan garantizar la neutralidad ideológica de las universidades catalanas

@ManuelAcosta69: ""Este voto en contra es una muestra más del pensamiento único que acalla la capacidad crítica de las personas"".

#SoloquedaVOX
https://t.co/23yAKD3jII",educacio
"Aragonés visita una mezquita ilegal en Manresa.

El separatismo busca imponer las mismas sociedades multiculturales que ya han fracasado en toda Europa.

En @vox_es defendemos nuestras raíces cristianas y nuestra identidad. 

Esa mezquita debe ser clausurada. https://t.co/lWZiRjSaNA",igualtat i feminismes
"?? @Jorgebuxade ""No debe concederse el asilo a nadie que pueda constituir una amenaza a la seguridad nacional o al orden público. Nuestro primer deber moral es proteger la convivencia en nuestros barrios y los derechos de los españoles"". https://t.co/gjXTpm18q0",inmigracion
"Sant Quirze de Besora vol municipalitzar la gestió de l’agua aprofitant que d’aquí tres anys acaba la concessió de la central hidroelèctrica. A Catalunya hi ha 334 hidroelèctriques, totes gestionades per empreses privades
https://t.co/XQ6Q0iqHkX",interior
"Lo que estamos viendo estos días en el Mar Menor es un ecocidio. 

El colapso de un ecosistema único por los vertidos de la agroindustria y la presión urbanística. 

Ante este desastre en @PODEMOS actuamos. Por eso llevaremos al Congreso la creación del #MarMenorParqueRegional","accio climatica, alimentacio i agenda rural"
"?? @isaserras: ""Lo que tenemos que exigir es que se pongan en marcha los recursos necesarios, que se de ejemplo por parte de nuestro país acogiendo, que se tome una posición propia europea a favor de la paz, a favor del diálogo y de los derechos en Afganistán"". https://t.co/ElSyqimD6f",accio exterior i govern obert
Las paredes hablan ???? https://t.co/80gruk3M7w,na
"✊ Ni a #Perpinyà ni enlloc: fora feixistes dels Països Catalans

?? Dissabte 3 de juliol
⏰ 12h
?? Plaça Catalunya de Perpinyà 
?? Manifestació en contra del congrés nacional de Rassemblement National https://t.co/4XRW9RNF46",drets socials
"Hoy se ha votado en el Parlamento Catalán una moción que refleja a la perfección por qué VOX lidera la oposición al separatismo mientras que otros se han entregado a ese socialismo y regionalismo que nos trajeron hasta aquí.

?? ¿Recuerdan cuando pedimos el cierre de TV3 en TV3? https://t.co/fOw9Ysz61T",autopromocio
"Un cas únic en la museologia @LluisPuigGordi @angelsponsa @LauraBorras @JuntsXCat @elpuntavui 
https://t.co/MVHj4348aQ",cultura
"Vull agrair la predisposició del @FCBarcelona_cat a col·laborar en aquesta iniciativa. Ens ajuda a conscienciar la ciutadania i suposa un pas endavant, encara més, de vacunació massiva. Vacunar-se és important, ens protegeix a nosaltres i a tot el nostre entorn. https://t.co/tk3MY5x9Ux",salut
Per sempre més el #17A estarà lligat al record de les víctimes. https://t.co/INRVUnRKvd,justicia
"@mhp_LauraBorras @QuimTorraiPla @UCE_CAT @LauraBorras Sé que les Illes s'han fet presents a la conferència. Quin homenot i quina donota! Idees clares de qui sap d'on venim, qui som i cap a on ens cal anar! No hi ha marxa enrere per als qui mantenen la lluita incansable per la llibertat! Visca la Terra!",drets socials
"?? @santirodriguez, secretari general del @PPCatalunya:

""Crec que la comissió bilateral és intranscendent i pretén fer una escenificació. Pretén fer veure què hi ha una relació de tu a tu amb el govern d'Espanya [@desdelamoncloa]"" https://t.co/0JxjwIMvjS",interior
"Aquest matí m'he reunit amb la rectora i els rectors de les universitats catalanes. 

Hem parlat del paper que ha de tenir el sistema universitari en el fons Next Generation i de la necessitat de més finançament i autonomia per a les universitats. https://t.co/NMvsoWQ4Io",educacio
"Las mujeres afganas llevan décadas viendo sus derechos fundamentales vulnerados, una violación de Derechos Humanos que ahora se ve duramente agravada. Ninguna intervención militar ha servido para evitarlo, como explica @olgarodriguez
https://t.co/uVTWYLxXix",igualtat i feminismes
@ispeiv Encara a aquesta hora i fa una llum brutal! https://t.co/D97yQZT2oi,na
"Parabéns ás galegas e galegos no #DíaDeGalicia. En un año #Xacobeo que es, sin duda, el de la esperanza y la revitalización.

Juntos y juntas lideramos el camino de la recuperación para volver a llenar a nuestras regiones del progreso y bienestar social que merecen. 
#25deXullo https://t.co/UuyHw64QCP",interior
"Notícies que a vegades passen massa desapercebudes, però que marquen el camí de la innovació: un país inclusiu i divers, on es respecten els drets bàsics de tothom per a una vida digna per a totes.
Bona feina @MarcSerraSole i @bcn_ajuntament 
Racisme mai més. https://t.co/UOOhPKUQgh",drets socials
"Creemos en la España rural frente a la despoblación que sufre el 42% de nuestros municipios.

Hoy en Toledo apoyamos la agricultura y ganadería frente a los ataques del Gobierno, el ecoturismo, la caza, la digitalización y teletrabajo en el mundo rural.

Tenemos una alternativa???? https://t.co/ICSnZbWbVj","accio climatica, alimentacio i agenda rural"
"""Amor meu si tu em deixes jo em perdré pels carrers 
Jo em perdré per la vida si no em deixes mirar-te"". 

Vicent Andrés Estellés",na
@FJaviello Ni el peor gobierno puede acabar con ella...,na
"7️⃣0️⃣% ????

https://t.co/J1IgqzS4s8",na
"Més que merescuda primera posició @FCBfemeni. 
26 partits de lliga, 26 victòries.
Un equip que passarà a la història del futbol.
Felicitats campiones! ???? https://t.co/Ov70mavS6q",cultura
"✨Davant els esdeveniments massius comercials, el teixit social i popular proposa una cultura arrelada al territori i feta des de la base.

Sense finalitats comercials i oberta a tothom✊

#ÉsFestaMajor https://t.co/gHeQPZtTIo",cultura
"Moltes felicitats campions, @rcdespanyol.
La força d’un sentiment torna a PRIMERA! ???? https://t.co/ALzoXlLBie",cultura
"L'Agència de Protecció de Dades obre investigació al Mossos arran de la denúncia que vam presentar @cupnacional  per gravar manifestacions sense autorització.

Cal aturar el seguiment i monitorització de la dissidència! 

https://t.co/n8NRgtPX8Q",drets socials
"¿Qué propone @pablocasado_ para frenar la inmigración ilegal?

????‍♀️ Medios materiales y humanos para las FCSE
?? Colaboración con los países de origen 
???? Colaboración con las instituciones europeas
?? Medios sociales y sanitarios
???? Solidaridad entre las CC.AA. https://t.co/5mX8QfJS58",inmigracion
"Hot as it is, this year will probably be one of the 21st century's coolest. The extremes of floods and fires are not going away—and urgent action is needed. Our cover this week https://t.co/dFbdmfYm0H https://t.co/FuCMBZK5Gy","accio climatica, alimentacio i agenda rural"
"El #CMin aprueba el límite de gasto no financiero para 2022.

✅Un paso clave para la elaboración de los #PGE2022, llamados a consolidar el crecimiento económico y la transformación de España en un país más productivo y moderno, más justo socialmente, más feminista y ecologista. https://t.co/74Tc0mMF1i",economia i hisenda
"Si Ada Colau fuera concejal del PP en la Cataluña interior no habría kleenex suficientes en el planeta para tanta lágrima....
Orgulloso de mis compañeros de partido. Orgulloso de su valentía y firmeza. Más que nunca.",autopromocio
"?? El 61,8% dels avortaments als Països Catalans es deriven a la sanitat privada

??11 anys després de l’aprovació de la llei de l’avortament, les institucions no han estat capaces d’integrar la Interrupció Voluntària de l’Embaràs entre els serveis dels centres sanitaris públics https://t.co/6ZKrEqg0zb",salut
"Els #JocsdHivern són el projecte internacional més important que projectarà Catalunya al món en la propera dècada. 

Una oportunitat única per connectar el nostre país al món a partir d’un binomi guanyador: #Pirineus &amp; #Barcelona! @Olympics https://t.co/pEjcqJSwVM",cultura
"Tú, a Lorca le harías una terapia de reconversión. Como quieres hacer con todos nosotros. 

Y a quien homenajearías sería a Pedrosa, el torturador de Mariana Pineda. 

???? https://t.co/3yCdFu1buE",na
"Hoy se cumplen cuatro años de los atentados en Barcelona y Cambrils ????.

El fundamentalismo islámico es un problema para nuestra tierra. 
Necesitamos reconquistar nuestra libertad, identidad y seguridad.

#17agosto",accio exterior i govern obert
Toma nota Llarena. https://t.co/iihG5Ijfog,na
"Si Sánchez cambia el sistema MIR para pagar a los secesionistas, lo recuperaremos en cuanto lleguemos al Gobierno.

Tiene el récord mundial de contagios de sanitarios por Covid y no puede jugar con su carrera profesional, ni con la salud de los españoles por un puñado de escaños.",empresa i treball
"????✍️ @erc_sbd hem registrat moció urgent a Junta de Portaveus perquè #Sabadell se sumi a l'oferiment d'altres ciutats catalanes per acollir refugiats de l'Afganistan. El 2015 (Síria) ho vam liderar com a ciutat; ara cal fer-ho de nou sense dilacions. Som-hi.

?? #GovernRepublicà https://t.co/dAQCRuIAOG",inmigracion
"Gràcies, MHP @LauraBorras. Compteu amb el meu suport. A la vostra disposició per ajudar les diputades afganeses i les seues famílies. https://t.co/kAzAvaUZtT",accio exterior i govern obert
".@salutcat intensifica el ritme de vacunació a #Catalunya, amb prop de 250.000 dosis en tres dies #Covid19 https://t.co/kOXxDaeRR1",salut
"Todo mi apoyo a @CarlesJimenezM ante el ataque que ha sufrido. A estos cobardes q no tienen la vergüenza de dar la cara, @PPCatalunya les va responder con más trabajo aún. https://t.co/OBEoZn8A9m",na
"La Ley avanza en aspectos importantes, como la condena expresa del golpe de Estado de 1936 y la dictadura franquista y el reconocimiento como víctimas a las personas y familiares que sufrieron distintas formas de represión, haciendo mención expresa a las mujeres y personas LGTBI.",justicia
"En la memòria dels atacs terroristes d'avui fa quatre anys a Barcelona i Cambrils, dues coses romanen inalterables: el record a totes les víctimes i la resposta de la societat catalana a l'acció criminal. Tant de bo en cap lloc del món es repeteixi aquell dolor que vam viure.",justicia
"Font de la gràfica: 
??https://t.co/sb3gxO1m24",na
Aquesta tarda ens hem reunit  amb el món local per explicar-los la resolució del TSJC sobre el confinament nocturn. També hem recordat que la pandèmia no ha acabat (hi ha 499 pacients COVID a les UCI) i que hem de continuar extremant les precaucions @interiorcat @salutcat https://t.co/3aG8IM93sE,interior
"⚠️ Los medios ocultan que solo VOX defendió la Constitución.

Los mismos medios que nos criticaron por votar en contra del estado de alarma ilegal.

#SoloQuedaVOX 

#VOXÚtil https://t.co/BXecBloftN",autopromocio
"@CanetEsther @NouLledoners @Adrian__Sas @JosantAbsolucio T’ho agraeixo, Esther. Però és injusta la generalització ‘se’ns faci servir’ i ho saps. No he fet servir mai ningú. Jo he estat al vostre costat, hi sóc i hi seré. Ho has vist a Sabadell i arreu. I sobre acabar, jo no hi era el 2017, però hi sóc per acabar el que es va començar.",na
"En defensa de #DerechosHumanos en #Afganistán, en especial de #mujeres y #niñas, hoy he intervenido en la #SS31 del @UN_HRC.

#España insta al Consejo a poner en marcha todos los mecanismos disponibles para garantizar los #DDHH en Afganistán.

https://t.co/Uj806v57R4

????????????",accio exterior i govern obert
"??Pelea a cuchillazos en la calle Tallada de Lérida. La delincuencia y la inmigración ilegal han sumido el casco histórico en un lugar peligroso para los vecinos. 

✅Sólo Vox está dispuesto a recuperar la seguridad en nuestros barrios, aunque les moleste a los medios progres. https://t.co/aHF0Goc9T7",interior
"Estos días ha salido a la luz cómo Iberdrola vacía embalses extremeños, provocando desabastecimiento de agua en varios pueblos, para beneficiarse aún más con la subasta de la electricidad. Es inadmisible. Denunciamos este abuso ante la Comisión Europea: 

https://t.co/DsHzO1VPNr","accio climatica, alimentacio i agenda rural"